creator,version,ns1:time,ns1:name,lat,lon,ns1:ele,ns1:time2
strava.com iPhone,1.1, 13:18:52 ,Afternoon Run,45.667066,-111.046706,1497, 13:18:52 
strava.com iPhone,1.1, 13:18:52 ,Afternoon Run,45.667051,-111.046671,1497, 13:18:57 
strava.com iPhone,1.1, 13:18:52 ,Afternoon Run,45.667015,-111.046651,1497.1, 13:19:00 
strava.com iPhone,1.1, 13:18:52 ,Afternoon Run,45.666976,-111.046637,1497.2, 13:19:05 
strava.com iPhone,1.1, 13:18:52 ,Afternoon Run,45.666947,-111.046627,1497.2, 13:19:09 
strava.com iPhone,1.1, 13:18:52 ,Afternoon Run,45.666909,-111.046629,1497.3, 13:19:13 
strava.com iPhone,1.1, 13:18:52 ,Afternoon Run,45.666875,-111.046634,1497.3, 13:19:15 
strava.com iPhone,1.1, 13:18:52 ,Afternoon Run,45.666846,-111.046636,1497.4, 13:19:17 
strava.com iPhone,1.1, 13:18:52 ,Afternoon Run,45.666814,-111.046634,1497.5, 13:19:19 
strava.com iPhone,1.1, 13:18:52 ,Afternoon Run,45.666783,-111.046635,1497.5, 13:19:21 
strava.com iPhone,1.1, 13:18:52 ,Afternoon Run,45.666755,-111.046629,1497.5, 13:19:23 
strava.com iPhone,1.1, 13:18:52 ,Afternoon Run,45.666726,-111.046631,1497.5, 13:19:25 
strava.com iPhone,1.1, 13:18:52 ,Afternoon Run,45.666694,-111.046631,1497.5, 13:19:27 
strava.com iPhone,1.1, 13:18:52 ,Afternoon Run,45.666659,-111.046632,1497.6, 13:19:29 
strava.com iPhone,1.1, 13:18:52 ,Afternoon Run,45.666629,-111.046623,1497.6, 13:19:31 
strava.com iPhone,1.1, 13:18:52 ,Afternoon Run,45.666603,-111.046614,1497.6, 13:19:33 
strava.com iPhone,1.1, 13:18:52 ,Afternoon Run,45.666575,-111.046611,1497.7, 13:19:35 
strava.com iPhone,1.1, 13:18:52 ,Afternoon Run,45.666545,-111.04661,1497.7, 13:19:37 
strava.com iPhone,1.1, 13:18:52 ,Afternoon Run,45.666514,-111.046614,1497.7, 13:19:39 
strava.com iPhone,1.1, 13:18:52 ,Afternoon Run,45.666485,-111.04662,1497.8, 13:19:41 
strava.com iPhone,1.1, 13:18:52 ,Afternoon Run,45.666457,-111.046625,1497.8, 13:19:43 
strava.com iPhone,1.1, 13:18:52 ,Afternoon Run,45.666427,-111.046627,1497.8, 13:19:45 
strava.com iPhone,1.1, 13:18:52 ,Afternoon Run,45.666398,-111.046629,1497.9, 13:19:47 
strava.com iPhone,1.1, 13:18:52 ,Afternoon Run,45.66636,-111.046636,1497.9, 13:19:50 
strava.com iPhone,1.1, 13:18:52 ,Afternoon Run,45.666332,-111.046647,1497.9, 13:19:52 
strava.com iPhone,1.1, 13:18:52 ,Afternoon Run,45.6663,-111.046665,1498, 13:19:54 
strava.com iPhone,1.1, 13:18:52 ,Afternoon Run,45.666271,-111.046681,1498, 13:19:56 
strava.com iPhone,1.1, 13:18:52 ,Afternoon Run,45.666234,-111.046696,1498, 13:19:59 
strava.com iPhone,1.1, 13:18:52 ,Afternoon Run,45.666207,-111.046695,1498.1, 13:20:01 
strava.com iPhone,1.1, 13:18:52 ,Afternoon Run,45.666179,-111.046692,1498.1, 13:20:03 
strava.com iPhone,1.1, 13:18:52 ,Afternoon Run,45.666142,-111.046692,1498.1, 13:20:06 
strava.com iPhone,1.1, 13:18:52 ,Afternoon Run,45.666114,-111.046694,1498.1, 13:20:08 
strava.com iPhone,1.1, 13:18:52 ,Afternoon Run,45.666082,-111.0467,1498.1, 13:20:10 
strava.com iPhone,1.1, 13:18:52 ,Afternoon Run,45.666055,-111.046709,1498.2, 13:20:12 
strava.com iPhone,1.1, 13:18:52 ,Afternoon Run,45.666027,-111.046719,1498.2, 13:20:14 
strava.com iPhone,1.1, 13:18:52 ,Afternoon Run,45.665995,-111.046726,1498.2, 13:20:16 
strava.com iPhone,1.1, 13:18:52 ,Afternoon Run,45.66596,-111.046731,1498.2, 13:20:18 
strava.com iPhone,1.1, 13:18:52 ,Afternoon Run,45.665925,-111.046745,1498.3, 13:20:20 
strava.com iPhone,1.1, 13:18:52 ,Afternoon Run,45.665893,-111.046756,1498.3, 13:20:22 
strava.com iPhone,1.1, 13:18:52 ,Afternoon Run,45.665853,-111.046758,1498.4, 13:20:25 
strava.com iPhone,1.1, 13:18:52 ,Afternoon Run,45.665818,-111.046762,1498.4, 13:20:27 
strava.com iPhone,1.1, 13:18:52 ,Afternoon Run,45.665788,-111.046764,1498.4, 13:20:29 
strava.com iPhone,1.1, 13:18:52 ,Afternoon Run,45.665752,-111.046748,1498.5, 13:20:32 
strava.com iPhone,1.1, 13:18:52 ,Afternoon Run,45.665725,-111.046737,1498.5, 13:20:34 
strava.com iPhone,1.1, 13:18:52 ,Afternoon Run,45.665698,-111.046723,1498.6, 13:20:36 
strava.com iPhone,1.1, 13:18:52 ,Afternoon Run,45.66567,-111.046716,1498.6, 13:20:38 
strava.com iPhone,1.1, 13:18:52 ,Afternoon Run,45.665643,-111.046709,1498.7, 13:20:40 
strava.com iPhone,1.1, 13:18:52 ,Afternoon Run,45.665612,-111.046699,1498.7, 13:20:42 
strava.com iPhone,1.1, 13:18:52 ,Afternoon Run,45.665581,-111.046688,1498.8, 13:20:44 
strava.com iPhone,1.1, 13:18:52 ,Afternoon Run,45.665555,-111.046674,1498.8, 13:20:46 
strava.com iPhone,1.1, 13:18:52 ,Afternoon Run,45.665517,-111.046663,1498.8, 13:20:49 
strava.com iPhone,1.1, 13:18:52 ,Afternoon Run,45.665484,-111.04667,1498.9, 13:20:51 
strava.com iPhone,1.1, 13:18:52 ,Afternoon Run,45.665454,-111.046684,1498.9, 13:20:53 
strava.com iPhone,1.1, 13:18:52 ,Afternoon Run,45.665427,-111.046703,1499, 13:20:55 
strava.com iPhone,1.1, 13:18:52 ,Afternoon Run,45.665403,-111.046719,1499, 13:20:57 
strava.com iPhone,1.1, 13:18:52 ,Afternoon Run,45.665377,-111.04674,1499.1, 13:20:59 
strava.com iPhone,1.1, 13:18:52 ,Afternoon Run,45.665351,-111.046765,1499.1, 13:21:01 
strava.com iPhone,1.1, 13:18:52 ,Afternoon Run,45.665324,-111.046787,1499.2, 13:21:03 
strava.com iPhone,1.1, 13:18:52 ,Afternoon Run,45.665299,-111.046809,1499.2, 13:21:05 
strava.com iPhone,1.1, 13:18:52 ,Afternoon Run,45.665273,-111.046836,1499.2, 13:21:07 
strava.com iPhone,1.1, 13:18:52 ,Afternoon Run,45.66525,-111.046858,1499.2, 13:21:09 
strava.com iPhone,1.1, 13:18:52 ,Afternoon Run,45.665214,-111.046871,1499.3, 13:21:12 
strava.com iPhone,1.1, 13:18:52 ,Afternoon Run,45.66518,-111.046872,1499.3, 13:21:14 
strava.com iPhone,1.1, 13:18:52 ,Afternoon Run,45.665147,-111.046875,1499.3, 13:21:16 
strava.com iPhone,1.1, 13:18:52 ,Afternoon Run,45.665116,-111.04688,1499.3, 13:21:18 
strava.com iPhone,1.1, 13:18:52 ,Afternoon Run,45.665083,-111.04689,1499.4, 13:21:20 
strava.com iPhone,1.1, 13:18:52 ,Afternoon Run,45.665054,-111.046891,1499.4, 13:21:22 
strava.com iPhone,1.1, 13:18:52 ,Afternoon Run,45.665024,-111.046882,1499.4, 13:21:24 
strava.com iPhone,1.1, 13:18:52 ,Afternoon Run,45.664996,-111.046877,1499.5, 13:21:26 
strava.com iPhone,1.1, 13:18:52 ,Afternoon Run,45.664956,-111.046873,1499.6, 13:21:29 
strava.com iPhone,1.1, 13:18:52 ,Afternoon Run,45.664927,-111.04687,1499.6, 13:21:31 
strava.com iPhone,1.1, 13:18:52 ,Afternoon Run,45.664898,-111.04687,1499.6, 13:21:33 
strava.com iPhone,1.1, 13:18:52 ,Afternoon Run,45.66486,-111.046863,1499.7, 13:21:37 
strava.com iPhone,1.1, 13:18:52 ,Afternoon Run,45.664832,-111.046866,1499.7, 13:21:38 
strava.com iPhone,1.1, 13:18:52 ,Afternoon Run,45.6648,-111.04687,1499.7, 13:21:40 
strava.com iPhone,1.1, 13:18:52 ,Afternoon Run,45.664762,-111.046863,1499.8, 13:21:43 
strava.com iPhone,1.1, 13:18:52 ,Afternoon Run,45.664724,-111.046855,1499.8, 13:21:46 
strava.com iPhone,1.1, 13:18:52 ,Afternoon Run,45.664688,-111.046862,1499.8, 13:21:48 
strava.com iPhone,1.1, 13:18:52 ,Afternoon Run,45.664653,-111.046877,1499.9, 13:21:50 
strava.com iPhone,1.1, 13:18:52 ,Afternoon Run,45.664621,-111.046887,1500, 13:21:52 
strava.com iPhone,1.1, 13:18:52 ,Afternoon Run,45.664589,-111.046883,1500, 13:21:54 
strava.com iPhone,1.1, 13:18:52 ,Afternoon Run,45.664554,-111.046875,1500.1, 13:21:56 
strava.com iPhone,1.1, 13:18:52 ,Afternoon Run,45.664522,-111.046869,1500.1, 13:21:58 
strava.com iPhone,1.1, 13:18:52 ,Afternoon Run,45.66449,-111.046869,1500.2, 13:22:00 
strava.com iPhone,1.1, 13:18:52 ,Afternoon Run,45.664458,-111.046875,1500.2, 13:22:02 
strava.com iPhone,1.1, 13:18:52 ,Afternoon Run,45.664418,-111.046879,1500.2, 13:22:05 
strava.com iPhone,1.1, 13:18:52 ,Afternoon Run,45.664388,-111.046877,1500.3, 13:22:07 
strava.com iPhone,1.1, 13:18:52 ,Afternoon Run,45.664359,-111.046876,1500.3, 13:22:09 
strava.com iPhone,1.1, 13:18:52 ,Afternoon Run,45.664329,-111.046882,1500.4, 13:22:11 
strava.com iPhone,1.1, 13:18:52 ,Afternoon Run,45.6643,-111.046887,1500.5, 13:22:13 
strava.com iPhone,1.1, 13:18:52 ,Afternoon Run,45.664266,-111.046892,1500.5, 13:22:15 
strava.com iPhone,1.1, 13:18:52 ,Afternoon Run,45.664238,-111.046899,1500.5, 13:22:17 
strava.com iPhone,1.1, 13:18:52 ,Afternoon Run,45.66421,-111.046904,1500.6, 13:22:19 
strava.com iPhone,1.1, 13:18:52 ,Afternoon Run,45.664169,-111.046904,1500.7, 13:22:22 
strava.com iPhone,1.1, 13:18:52 ,Afternoon Run,45.664141,-111.0469,1500.7, 13:22:24 
strava.com iPhone,1.1, 13:18:52 ,Afternoon Run,45.664114,-111.046898,1500.8, 13:22:26 
strava.com iPhone,1.1, 13:18:52 ,Afternoon Run,45.664086,-111.046898,1500.8, 13:22:28 
strava.com iPhone,1.1, 13:18:52 ,Afternoon Run,45.664056,-111.046896,1500.8, 13:22:30 
strava.com iPhone,1.1, 13:18:52 ,Afternoon Run,45.664019,-111.04689,1500.9, 13:22:33 
strava.com iPhone,1.1, 13:18:52 ,Afternoon Run,45.66398,-111.046877,1500.9, 13:22:36 
strava.com iPhone,1.1, 13:18:52 ,Afternoon Run,45.663949,-111.046877,1501, 13:22:38 
strava.com iPhone,1.1, 13:18:52 ,Afternoon Run,45.663915,-111.046878,1501, 13:22:40 
strava.com iPhone,1.1, 13:18:52 ,Afternoon Run,45.663884,-111.046882,1501.1, 13:22:42 
strava.com iPhone,1.1, 13:18:52 ,Afternoon Run,45.663852,-111.046891,1501.1, 13:22:44 
strava.com iPhone,1.1, 13:18:52 ,Afternoon Run,45.663825,-111.046902,1501.2, 13:22:46 
strava.com iPhone,1.1, 13:18:52 ,Afternoon Run,45.663793,-111.046915,1501.2, 13:22:48 
strava.com iPhone,1.1, 13:18:52 ,Afternoon Run,45.663761,-111.046923,1501.3, 13:22:50 
strava.com iPhone,1.1, 13:18:52 ,Afternoon Run,45.66372,-111.046926,1501.3, 13:22:53 
strava.com iPhone,1.1, 13:18:52 ,Afternoon Run,45.66369,-111.046926,1501.4, 13:22:55 
strava.com iPhone,1.1, 13:18:52 ,Afternoon Run,45.663659,-111.046924,1501.4, 13:22:57 
strava.com iPhone,1.1, 13:18:52 ,Afternoon Run,45.663631,-111.046921,1501.4, 13:22:59 
strava.com iPhone,1.1, 13:18:52 ,Afternoon Run,45.663591,-111.046925,1501.5, 13:23:02 
strava.com iPhone,1.1, 13:18:52 ,Afternoon Run,45.663563,-111.046926,1501.5, 13:23:04 
strava.com iPhone,1.1, 13:18:52 ,Afternoon Run,45.663531,-111.046914,1501.5, 13:23:07 
strava.com iPhone,1.1, 13:18:52 ,Afternoon Run,45.663501,-111.046911,1501.6, 13:23:10 
strava.com iPhone,1.1, 13:18:52 ,Afternoon Run,45.663473,-111.046915,1501.6, 13:23:41 
strava.com iPhone,1.1, 13:18:52 ,Afternoon Run,45.663435,-111.046901,1501.6, 13:23:44 
strava.com iPhone,1.1, 13:18:52 ,Afternoon Run,45.663405,-111.046897,1501.7, 13:23:46 
strava.com iPhone,1.1, 13:18:52 ,Afternoon Run,45.663376,-111.046876,1501.7, 13:23:49 
strava.com iPhone,1.1, 13:18:52 ,Afternoon Run,45.66335,-111.046867,1501.7, 13:23:51 
strava.com iPhone,1.1, 13:18:52 ,Afternoon Run,45.663313,-111.046863,1501.8, 13:23:54 
strava.com iPhone,1.1, 13:18:52 ,Afternoon Run,45.663282,-111.046873,1501.8, 13:23:56 
strava.com iPhone,1.1, 13:18:52 ,Afternoon Run,45.663252,-111.046885,1501.9, 13:23:58 
strava.com iPhone,1.1, 13:18:52 ,Afternoon Run,45.663224,-111.046892,1501.9, 13:24:00 
strava.com iPhone,1.1, 13:18:52 ,Afternoon Run,45.663191,-111.046883,1502, 13:24:03 
strava.com iPhone,1.1, 13:18:52 ,Afternoon Run,45.663161,-111.046879,1502, 13:24:05 
strava.com iPhone,1.1, 13:18:52 ,Afternoon Run,45.66313,-111.046879,1502.1, 13:24:07 
strava.com iPhone,1.1, 13:18:52 ,Afternoon Run,45.663092,-111.046862,1502.1, 13:24:10 
strava.com iPhone,1.1, 13:18:52 ,Afternoon Run,45.663061,-111.046854,1502.2, 13:24:12 
strava.com iPhone,1.1, 13:18:52 ,Afternoon Run,45.663031,-111.046856,1502.2, 13:24:14 
strava.com iPhone,1.1, 13:18:52 ,Afternoon Run,45.662991,-111.046854,1502.2, 13:24:17 
strava.com iPhone,1.1, 13:18:52 ,Afternoon Run,45.662961,-111.046848,1502.3, 13:24:19 
strava.com iPhone,1.1, 13:18:52 ,Afternoon Run,45.662927,-111.046833,1502.3, 13:24:22 
strava.com iPhone,1.1, 13:18:52 ,Afternoon Run,45.66289,-111.046825,1502.4, 13:24:25 
strava.com iPhone,1.1, 13:18:52 ,Afternoon Run,45.662858,-111.046827,1502.4, 13:24:27 
strava.com iPhone,1.1, 13:18:52 ,Afternoon Run,45.66282,-111.046813,1502.4, 13:24:30 
strava.com iPhone,1.1, 13:18:52 ,Afternoon Run,45.662785,-111.046809,1502.5, 13:24:33 
strava.com iPhone,1.1, 13:18:52 ,Afternoon Run,45.662754,-111.04681,1502.5, 13:24:35 
strava.com iPhone,1.1, 13:18:52 ,Afternoon Run,45.662725,-111.046817,1502.5, 13:24:37 
strava.com iPhone,1.1, 13:18:52 ,Afternoon Run,45.662687,-111.046823,1502.6, 13:24:40 
strava.com iPhone,1.1, 13:18:52 ,Afternoon Run,45.662653,-111.046826,1502.6, 13:24:42 
strava.com iPhone,1.1, 13:18:52 ,Afternoon Run,45.662623,-111.046819,1502.6, 13:24:44 
strava.com iPhone,1.1, 13:18:52 ,Afternoon Run,45.662593,-111.046819,1502.7, 13:24:46 
strava.com iPhone,1.1, 13:18:52 ,Afternoon Run,45.662551,-111.046836,1502.7, 13:24:49 
strava.com iPhone,1.1, 13:18:52 ,Afternoon Run,45.662518,-111.046844,1502.8, 13:24:51 
strava.com iPhone,1.1, 13:18:52 ,Afternoon Run,45.66249,-111.046849,1502.8, 13:24:53 
strava.com iPhone,1.1, 13:18:52 ,Afternoon Run,45.662463,-111.046852,1502.8, 13:24:55 
strava.com iPhone,1.1, 13:18:52 ,Afternoon Run,45.662434,-111.046844,1502.9, 13:24:57 
strava.com iPhone,1.1, 13:18:52 ,Afternoon Run,45.662403,-111.046846,1502.9, 13:24:59 
strava.com iPhone,1.1, 13:18:52 ,Afternoon Run,45.662375,-111.046848,1502.9, 13:25:01 
strava.com iPhone,1.1, 13:18:52 ,Afternoon Run,45.662347,-111.046855,1503, 13:25:03 
strava.com iPhone,1.1, 13:18:52 ,Afternoon Run,45.662313,-111.046854,1503, 13:25:05 
strava.com iPhone,1.1, 13:18:52 ,Afternoon Run,45.662283,-111.046854,1503, 13:25:07 
strava.com iPhone,1.1, 13:18:52 ,Afternoon Run,45.662243,-111.046852,1503.1, 13:25:10 
strava.com iPhone,1.1, 13:18:52 ,Afternoon Run,45.662211,-111.046849,1503.1, 13:25:12 
strava.com iPhone,1.1, 13:18:52 ,Afternoon Run,45.66218,-111.046849,1503.1, 13:25:14 
strava.com iPhone,1.1, 13:18:52 ,Afternoon Run,45.662142,-111.046838,1503.2, 13:25:17 
strava.com iPhone,1.1, 13:18:52 ,Afternoon Run,45.66211,-111.04684,1503.2, 13:25:19 
strava.com iPhone,1.1, 13:18:52 ,Afternoon Run,45.662068,-111.046855,1503.3, 13:25:21 
strava.com iPhone,1.1, 13:18:52 ,Afternoon Run,45.66204,-111.046858,1503.3, 13:25:23 
strava.com iPhone,1.1, 13:18:52 ,Afternoon Run,45.662001,-111.046858,1503.3, 13:25:26 
strava.com iPhone,1.1, 13:18:52 ,Afternoon Run,45.661974,-111.046856,1503.4, 13:25:28 
strava.com iPhone,1.1, 13:18:52 ,Afternoon Run,45.661936,-111.046851,1503.4, 13:25:31 
strava.com iPhone,1.1, 13:18:52 ,Afternoon Run,45.661899,-111.046847,1503.4, 13:25:34 
strava.com iPhone,1.1, 13:18:52 ,Afternoon Run,45.66187,-111.046842,1503.5, 13:25:36 
strava.com iPhone,1.1, 13:18:52 ,Afternoon Run,45.661841,-111.046842,1503.5, 13:25:38 
strava.com iPhone,1.1, 13:18:52 ,Afternoon Run,45.661813,-111.046844,1503.5, 13:25:40 
strava.com iPhone,1.1, 13:18:52 ,Afternoon Run,45.661782,-111.046846,1503.6, 13:25:42 
strava.com iPhone,1.1, 13:18:52 ,Afternoon Run,45.661746,-111.046841,1503.6, 13:25:45 
strava.com iPhone,1.1, 13:18:52 ,Afternoon Run,45.661709,-111.046825,1503.7, 13:25:48 
strava.com iPhone,1.1, 13:18:52 ,Afternoon Run,45.661678,-111.046824,1503.7, 13:25:50 
strava.com iPhone,1.1, 13:18:52 ,Afternoon Run,45.661642,-111.046822,1503.7, 13:25:53 
strava.com iPhone,1.1, 13:18:52 ,Afternoon Run,45.661603,-111.046817,1503.8, 13:25:56 
strava.com iPhone,1.1, 13:18:52 ,Afternoon Run,45.661571,-111.046813,1503.8, 13:25:58 
strava.com iPhone,1.1, 13:18:52 ,Afternoon Run,45.661543,-111.04681,1503.9, 13:26:00 
strava.com iPhone,1.1, 13:18:52 ,Afternoon Run,45.661515,-111.046817,1503.9, 13:26:02 
strava.com iPhone,1.1, 13:18:52 ,Afternoon Run,45.661482,-111.04683,1504, 13:26:04 
strava.com iPhone,1.1, 13:18:52 ,Afternoon Run,45.661449,-111.046842,1504, 13:26:06 
strava.com iPhone,1.1, 13:18:52 ,Afternoon Run,45.661418,-111.046855,1504.1, 13:26:08 
strava.com iPhone,1.1, 13:18:52 ,Afternoon Run,45.661391,-111.04687,1504.1, 13:26:10 
strava.com iPhone,1.1, 13:18:52 ,Afternoon Run,45.661356,-111.046887,1504.1, 13:26:12 
strava.com iPhone,1.1, 13:18:52 ,Afternoon Run,45.66132,-111.046897,1504.2, 13:26:15 
strava.com iPhone,1.1, 13:18:52 ,Afternoon Run,45.66128,-111.046893,1504.2, 13:26:18 
strava.com iPhone,1.1, 13:18:52 ,Afternoon Run,45.661254,-111.046883,1504.3, 13:26:20 
strava.com iPhone,1.1, 13:18:52 ,Afternoon Run,45.661225,-111.046877,1504.3, 13:26:22 
strava.com iPhone,1.1, 13:18:52 ,Afternoon Run,45.661185,-111.046885,1504.4, 13:26:25 
strava.com iPhone,1.1, 13:18:52 ,Afternoon Run,45.661156,-111.046882,1504.4, 13:26:27 
strava.com iPhone,1.1, 13:18:52 ,Afternoon Run,45.661122,-111.046876,1504.4, 13:26:29 
strava.com iPhone,1.1, 13:18:52 ,Afternoon Run,45.661086,-111.04687,1504.4, 13:26:32 
strava.com iPhone,1.1, 13:18:52 ,Afternoon Run,45.661056,-111.04687,1504.5, 13:26:34 
strava.com iPhone,1.1, 13:18:52 ,Afternoon Run,45.661028,-111.046874,1504.5, 13:26:36 
strava.com iPhone,1.1, 13:18:52 ,Afternoon Run,45.660994,-111.046869,1504.5, 13:26:39 
strava.com iPhone,1.1, 13:18:52 ,Afternoon Run,45.660964,-111.046866,1504.6, 13:26:41 
strava.com iPhone,1.1, 13:18:52 ,Afternoon Run,45.660936,-111.046862,1504.6, 13:26:43 
strava.com iPhone,1.1, 13:18:52 ,Afternoon Run,45.660898,-111.046858,1504.6, 13:26:46 
strava.com iPhone,1.1, 13:18:52 ,Afternoon Run,45.660867,-111.046858,1504.6, 13:26:48 
strava.com iPhone,1.1, 13:18:52 ,Afternoon Run,45.660838,-111.046862,1504.6, 13:26:50 
strava.com iPhone,1.1, 13:18:52 ,Afternoon Run,45.660808,-111.046865,1504.7, 13:26:52 
strava.com iPhone,1.1, 13:18:52 ,Afternoon Run,45.660777,-111.046862,1504.7, 13:26:54 
strava.com iPhone,1.1, 13:18:52 ,Afternoon Run,45.660746,-111.04686,1504.7, 13:26:56 
strava.com iPhone,1.1, 13:18:52 ,Afternoon Run,45.660719,-111.046858,1504.8, 13:26:58 
strava.com iPhone,1.1, 13:18:52 ,Afternoon Run,45.660689,-111.046865,1504.8, 13:27:00 
strava.com iPhone,1.1, 13:18:52 ,Afternoon Run,45.660657,-111.046873,1504.8, 13:27:02 
strava.com iPhone,1.1, 13:18:52 ,Afternoon Run,45.660627,-111.046886,1504.9, 13:27:04 
strava.com iPhone,1.1, 13:18:52 ,Afternoon Run,45.660586,-111.046887,1504.9, 13:27:07 
strava.com iPhone,1.1, 13:18:52 ,Afternoon Run,45.660552,-111.046889,1504.9, 13:27:09 
strava.com iPhone,1.1, 13:18:52 ,Afternoon Run,45.66052,-111.046892,1504.9, 13:27:11 
strava.com iPhone,1.1, 13:18:52 ,Afternoon Run,45.660479,-111.046891,1504.9, 13:27:14 
strava.com iPhone,1.1, 13:18:52 ,Afternoon Run,45.660446,-111.046894,1505, 13:27:16 
strava.com iPhone,1.1, 13:18:52 ,Afternoon Run,45.660418,-111.046898,1505, 13:27:18 
strava.com iPhone,1.1, 13:18:52 ,Afternoon Run,45.660377,-111.046902,1505, 13:27:21 
strava.com iPhone,1.1, 13:18:52 ,Afternoon Run,45.66035,-111.046873,1505.1, 13:27:28 
strava.com iPhone,1.1, 13:18:52 ,Afternoon Run,45.660312,-111.046865,1505.1, 13:27:31 
strava.com iPhone,1.1, 13:18:52 ,Afternoon Run,45.660281,-111.046863,1505.1, 13:27:33 
strava.com iPhone,1.1, 13:18:52 ,Afternoon Run,45.660253,-111.046864,1505.1, 13:27:35 
strava.com iPhone,1.1, 13:18:52 ,Afternoon Run,45.660214,-111.046859,1505.1, 13:27:38 
strava.com iPhone,1.1, 13:18:52 ,Afternoon Run,45.660185,-111.046858,1505.2, 13:27:40 
strava.com iPhone,1.1, 13:18:52 ,Afternoon Run,45.660156,-111.046859,1505.2, 13:27:42 
strava.com iPhone,1.1, 13:18:52 ,Afternoon Run,45.660118,-111.046859,1505.2, 13:27:45 
strava.com iPhone,1.1, 13:18:52 ,Afternoon Run,45.660078,-111.046857,1505.3, 13:27:48 
strava.com iPhone,1.1, 13:18:52 ,Afternoon Run,45.660051,-111.04685,1505.3, 13:27:50 
strava.com iPhone,1.1, 13:18:52 ,Afternoon Run,45.660015,-111.046842,1505.3, 13:27:53 
strava.com iPhone,1.1, 13:18:52 ,Afternoon Run,45.659984,-111.046845,1505.3, 13:27:55 
strava.com iPhone,1.1, 13:18:52 ,Afternoon Run,45.659951,-111.046845,1505.3, 13:27:58 
strava.com iPhone,1.1, 13:18:52 ,Afternoon Run,45.659919,-111.046846,1505.3, 13:28:01 
strava.com iPhone,1.1, 13:18:52 ,Afternoon Run,45.659899,-111.046873,1505.4, 13:28:27 
strava.com iPhone,1.1, 13:18:52 ,Afternoon Run,45.659867,-111.046866,1505.4, 13:28:30 
strava.com iPhone,1.1, 13:18:52 ,Afternoon Run,45.659839,-111.046863,1505.4, 13:28:32 
strava.com iPhone,1.1, 13:18:52 ,Afternoon Run,45.65981,-111.046862,1505.3, 13:28:34 
strava.com iPhone,1.1, 13:18:52 ,Afternoon Run,45.65977,-111.046863,1505.3, 13:28:37 
strava.com iPhone,1.1, 13:18:52 ,Afternoon Run,45.659734,-111.046848,1505.3, 13:28:40 
strava.com iPhone,1.1, 13:18:52 ,Afternoon Run,45.6597,-111.046831,1505.4, 13:28:43 
strava.com iPhone,1.1, 13:18:52 ,Afternoon Run,45.659669,-111.04682,1505.4, 13:28:45 
strava.com iPhone,1.1, 13:18:52 ,Afternoon Run,45.659641,-111.046818,1505.4, 13:28:47 
strava.com iPhone,1.1, 13:18:52 ,Afternoon Run,45.659604,-111.046812,1505.5, 13:28:51 
strava.com iPhone,1.1, 13:18:52 ,Afternoon Run,45.659577,-111.046801,1505.5, 13:28:52 
strava.com iPhone,1.1, 13:18:52 ,Afternoon Run,45.65954,-111.046788,1505.5, 13:28:55 
strava.com iPhone,1.1, 13:18:52 ,Afternoon Run,45.659512,-111.046777,1505.5, 13:28:57 
strava.com iPhone,1.1, 13:18:52 ,Afternoon Run,45.659484,-111.046768,1505.6, 13:28:59 
strava.com iPhone,1.1, 13:18:52 ,Afternoon Run,45.659446,-111.046763,1505.6, 13:29:02 
strava.com iPhone,1.1, 13:18:52 ,Afternoon Run,45.659414,-111.046764,1505.6, 13:29:04 
strava.com iPhone,1.1, 13:18:52 ,Afternoon Run,45.659383,-111.04677,1505.7, 13:29:06 
strava.com iPhone,1.1, 13:18:52 ,Afternoon Run,45.659355,-111.046775,1505.7, 13:29:08 
strava.com iPhone,1.1, 13:18:52 ,Afternoon Run,45.659314,-111.046779,1505.8, 13:29:11 
strava.com iPhone,1.1, 13:18:52 ,Afternoon Run,45.659287,-111.046756,1505.8, 13:29:14 
strava.com iPhone,1.1, 13:18:52 ,Afternoon Run,45.65925,-111.046751,1505.8, 13:29:17 
strava.com iPhone,1.1, 13:18:52 ,Afternoon Run,45.65922,-111.046753,1505.8, 13:29:19 
strava.com iPhone,1.1, 13:18:52 ,Afternoon Run,45.659193,-111.046755,1505.9, 13:29:21 
strava.com iPhone,1.1, 13:18:52 ,Afternoon Run,45.65915,-111.04676,1505.9, 13:29:24 
strava.com iPhone,1.1, 13:18:52 ,Afternoon Run,45.659118,-111.046766,1506, 13:29:26 
strava.com iPhone,1.1, 13:18:52 ,Afternoon Run,45.659087,-111.04677,1506, 13:29:28 
strava.com iPhone,1.1, 13:18:52 ,Afternoon Run,45.659059,-111.046779,1506, 13:29:30 
strava.com iPhone,1.1, 13:18:52 ,Afternoon Run,45.659028,-111.046786,1506.1, 13:29:32 
strava.com iPhone,1.1, 13:18:52 ,Afternoon Run,45.658998,-111.046792,1506.1, 13:29:34 
strava.com iPhone,1.1, 13:18:52 ,Afternoon Run,45.658969,-111.0468,1506.2, 13:29:36 
strava.com iPhone,1.1, 13:18:52 ,Afternoon Run,45.658942,-111.046802,1506.2, 13:29:38 
strava.com iPhone,1.1, 13:18:52 ,Afternoon Run,45.658909,-111.046806,1506.2, 13:29:40 
strava.com iPhone,1.1, 13:18:52 ,Afternoon Run,45.658878,-111.046812,1506.3, 13:29:42 
strava.com iPhone,1.1, 13:18:52 ,Afternoon Run,45.65885,-111.046821,1506.3, 13:29:44 
strava.com iPhone,1.1, 13:18:52 ,Afternoon Run,45.658818,-111.046828,1506.4, 13:29:46 
strava.com iPhone,1.1, 13:18:52 ,Afternoon Run,45.658785,-111.046835,1506.4, 13:29:48 
strava.com iPhone,1.1, 13:18:52 ,Afternoon Run,45.658752,-111.046847,1506.5, 13:29:50 
strava.com iPhone,1.1, 13:18:52 ,Afternoon Run,45.658724,-111.046852,1506.5, 13:29:52 
strava.com iPhone,1.1, 13:18:52 ,Afternoon Run,45.658691,-111.046851,1506.6, 13:29:54 
strava.com iPhone,1.1, 13:18:52 ,Afternoon Run,45.658663,-111.046843,1506.6, 13:29:56 
strava.com iPhone,1.1, 13:18:52 ,Afternoon Run,45.658625,-111.046837,1506.7, 13:29:59 
strava.com iPhone,1.1, 13:18:52 ,Afternoon Run,45.658594,-111.04683,1506.7, 13:30:01 
strava.com iPhone,1.1, 13:18:52 ,Afternoon Run,45.658564,-111.046826,1506.8, 13:30:03 
strava.com iPhone,1.1, 13:18:52 ,Afternoon Run,45.658535,-111.046828,1506.9, 13:30:05 
strava.com iPhone,1.1, 13:18:52 ,Afternoon Run,45.658506,-111.046835,1506.9, 13:30:07 
strava.com iPhone,1.1, 13:18:52 ,Afternoon Run,45.658474,-111.046837,1507, 13:30:09 
strava.com iPhone,1.1, 13:18:52 ,Afternoon Run,45.658439,-111.046827,1507, 13:30:12 
strava.com iPhone,1.1, 13:18:52 ,Afternoon Run,45.658398,-111.046835,1507.1, 13:30:15 
strava.com iPhone,1.1, 13:18:52 ,Afternoon Run,45.658368,-111.046845,1507.1, 13:30:17 
strava.com iPhone,1.1, 13:18:52 ,Afternoon Run,45.658334,-111.046841,1507.2, 13:30:20 
strava.com iPhone,1.1, 13:18:52 ,Afternoon Run,45.658307,-111.046837,1507.2, 13:30:22 
strava.com iPhone,1.1, 13:18:52 ,Afternoon Run,45.658268,-111.046828,1507.2, 13:30:25 
strava.com iPhone,1.1, 13:18:52 ,Afternoon Run,45.658231,-111.046823,1507.2, 13:30:28 
strava.com iPhone,1.1, 13:18:52 ,Afternoon Run,45.658196,-111.046827,1507.2, 13:30:30 
strava.com iPhone,1.1, 13:18:52 ,Afternoon Run,45.658166,-111.04683,1507.2, 13:30:32 
strava.com iPhone,1.1, 13:18:52 ,Afternoon Run,45.658131,-111.04683,1507.2, 13:30:35 
strava.com iPhone,1.1, 13:18:52 ,Afternoon Run,45.658103,-111.046833,1507.3, 13:30:37 
strava.com iPhone,1.1, 13:18:52 ,Afternoon Run,45.658073,-111.04684,1507.3, 13:30:39 
strava.com iPhone,1.1, 13:18:52 ,Afternoon Run,45.658043,-111.046843,1507.3, 13:30:41 
strava.com iPhone,1.1, 13:18:52 ,Afternoon Run,45.658004,-111.046833,1507.4, 13:30:44 
strava.com iPhone,1.1, 13:18:52 ,Afternoon Run,45.657973,-111.046826,1507.4, 13:30:46 
strava.com iPhone,1.1, 13:18:52 ,Afternoon Run,45.657943,-111.046824,1507.4, 13:30:48 
strava.com iPhone,1.1, 13:18:52 ,Afternoon Run,45.657901,-111.046824,1507.4, 13:30:51 
strava.com iPhone,1.1, 13:18:52 ,Afternoon Run,45.657865,-111.046836,1507.4, 13:30:53 
strava.com iPhone,1.1, 13:18:52 ,Afternoon Run,45.657834,-111.04684,1507.4, 13:30:55 
strava.com iPhone,1.1, 13:18:52 ,Afternoon Run,45.657806,-111.046843,1507.4, 13:30:57 
strava.com iPhone,1.1, 13:18:52 ,Afternoon Run,45.657778,-111.046845,1507.4, 13:30:59 
strava.com iPhone,1.1, 13:18:52 ,Afternoon Run,45.657745,-111.046848,1507.4, 13:31:01 
strava.com iPhone,1.1, 13:18:52 ,Afternoon Run,45.657714,-111.046855,1507.4, 13:31:03 
strava.com iPhone,1.1, 13:18:52 ,Afternoon Run,45.657686,-111.046848,1507.4, 13:31:06 
strava.com iPhone,1.1, 13:18:52 ,Afternoon Run,45.657661,-111.046822,1507.3, 13:31:11 
strava.com iPhone,1.1, 13:18:52 ,Afternoon Run,45.657673,-111.04678,1507.3, 13:31:17 
strava.com iPhone,1.1, 13:18:52 ,Afternoon Run,45.657686,-111.046744,1507.3, 13:31:20 
strava.com iPhone,1.1, 13:18:52 ,Afternoon Run,45.657709,-111.046709,1507.2, 13:31:24 
strava.com iPhone,1.1, 13:18:52 ,Afternoon Run,45.658092,-111.046352,1506.9, 13:31:29 
strava.com iPhone,1.1, 13:18:52 ,Afternoon Run,45.658054,-111.046394,1507, 13:31:30 
strava.com iPhone,1.1, 13:18:52 ,Afternoon Run,45.658026,-111.04643,1507, 13:31:31 
strava.com iPhone,1.1, 13:18:52 ,Afternoon Run,45.658007,-111.04647,1507.1, 13:31:33 
strava.com iPhone,1.1, 13:18:52 ,Afternoon Run,45.657991,-111.046512,1507.1, 13:31:36 
strava.com iPhone,1.1, 13:18:52 ,Afternoon Run,45.657997,-111.04655,1507.1, 13:31:41 
strava.com iPhone,1.1, 13:18:52 ,Afternoon Run,45.658019,-111.046591,1507.2, 13:31:48 
strava.com iPhone,1.1, 13:18:52 ,Afternoon Run,45.658054,-111.046625,1507.1, 13:31:50 
strava.com iPhone,1.1, 13:18:52 ,Afternoon Run,45.658032,-111.046652,1507.2, 13:31:52 
strava.com iPhone,1.1, 13:18:52 ,Afternoon Run,45.658002,-111.046655,1507.2, 13:31:54 
strava.com iPhone,1.1, 13:18:52 ,Afternoon Run,45.657975,-111.046663,1507.2, 13:31:57 
strava.com iPhone,1.1, 13:18:52 ,Afternoon Run,45.65796,-111.046699,1507.3, 13:32:01 
strava.com iPhone,1.1, 13:18:52 ,Afternoon Run,45.65799,-111.046697,1507.3, 13:32:05 
strava.com iPhone,1.1, 13:18:52 ,Afternoon Run,45.657999,-111.046743,1507.3, 13:32:36 
strava.com iPhone,1.1, 13:18:52 ,Afternoon Run,45.658006,-111.046781,1507.3, 13:32:43 
strava.com iPhone,1.1, 13:18:52 ,Afternoon Run,45.65797,-111.04682,1507.4, 13:32:53 
strava.com iPhone,1.1, 13:18:52 ,Afternoon Run,45.657993,-111.04678,1507.3, 13:33:24 
strava.com iPhone,1.1, 13:18:52 ,Afternoon Run,45.658032,-111.046768,1507.3, 13:33:27 
strava.com iPhone,1.1, 13:18:52 ,Afternoon Run,45.65807,-111.046755,1507.2, 13:33:30 
strava.com iPhone,1.1, 13:18:52 ,Afternoon Run,45.658097,-111.046743,1507.2, 13:33:32 
strava.com iPhone,1.1, 13:18:52 ,Afternoon Run,45.658123,-111.046732,1507.1, 13:33:36 
strava.com iPhone,1.1, 13:18:52 ,Afternoon Run,45.658139,-111.046769,1507.2, 13:33:46 
strava.com iPhone,1.1, 13:18:52 ,Afternoon Run,45.658138,-111.046728,1507.1, 13:33:56 
strava.com iPhone,1.1, 13:18:52 ,Afternoon Run,45.658125,-111.046689,1507.1, 13:34:03 
strava.com iPhone,1.1, 13:18:52 ,Afternoon Run,45.658098,-111.046709,1507.1, 13:34:13 
strava.com iPhone,1.1, 13:18:52 ,Afternoon Run,45.658128,-111.046709,1507.1, 13:34:16 
strava.com iPhone,1.1, 13:18:52 ,Afternoon Run,45.658155,-111.046694,1507.1, 13:34:42 
strava.com iPhone,1.1, 13:18:52 ,Afternoon Run,45.658193,-111.046699,1507.1, 13:34:51 
strava.com iPhone,1.1, 13:18:52 ,Afternoon Run,45.658159,-111.046695,1507.1, 13:35:10 
strava.com iPhone,1.1, 13:18:52 ,Afternoon Run,45.658132,-111.046685,1507.1, 13:35:20 
strava.com iPhone,1.1, 13:18:52 ,Afternoon Run,45.658162,-111.046675,1507.1, 13:35:43 
strava.com iPhone,1.1, 13:18:52 ,Afternoon Run,45.658184,-111.046717,1507.1, 13:35:47 
strava.com iPhone,1.1, 13:18:52 ,Afternoon Run,45.658178,-111.046676,1507, 13:35:59 
strava.com iPhone,1.1, 13:18:52 ,Afternoon Run,45.658155,-111.046702,1507.1, 13:36:05 
strava.com iPhone,1.1, 13:18:52 ,Afternoon Run,45.65814,-111.04667,1507.1, 13:36:35 
strava.com iPhone,1.1, 13:18:52 ,Afternoon Run,45.658174,-111.046677,1507, 13:37:23 
strava.com iPhone,1.1, 13:18:52 ,Afternoon Run,45.658205,-111.046671,1507, 13:37:25 
strava.com iPhone,1.1, 13:18:52 ,Afternoon Run,45.658243,-111.046661,1507, 13:37:28 
strava.com iPhone,1.1, 13:18:52 ,Afternoon Run,45.658273,-111.046657,1507, 13:37:30 
strava.com iPhone,1.1, 13:18:52 ,Afternoon Run,45.658307,-111.046664,1507, 13:37:32 
strava.com iPhone,1.1, 13:18:52 ,Afternoon Run,45.658348,-111.046677,1507, 13:37:34 
strava.com iPhone,1.1, 13:18:52 ,Afternoon Run,45.658376,-111.04669,1507, 13:37:36 
strava.com iPhone,1.1, 13:18:52 ,Afternoon Run,45.658409,-111.046694,1507, 13:37:40 
strava.com iPhone,1.1, 13:18:52 ,Afternoon Run,45.658445,-111.046701,1507, 13:37:41 
strava.com iPhone,1.1, 13:18:52 ,Afternoon Run,45.658475,-111.046714,1506.9, 13:37:44 
strava.com iPhone,1.1, 13:18:52 ,Afternoon Run,45.658509,-111.046705,1506.9, 13:37:47 
strava.com iPhone,1.1, 13:18:52 ,Afternoon Run,45.65854,-111.046712,1506.8, 13:37:50 
strava.com iPhone,1.1, 13:18:52 ,Afternoon Run,45.658572,-111.046707,1506.8, 13:37:51 
strava.com iPhone,1.1, 13:18:52 ,Afternoon Run,45.658628,-111.046692,1506.6, 13:37:55 
strava.com iPhone,1.1, 13:18:52 ,Afternoon Run,45.658644,-111.046691,1506.5, 13:37:56 
strava.com iPhone,1.1, 13:18:52 ,Afternoon Run,45.658688,-111.046683,1506.4, 13:38:00 
strava.com iPhone,1.1, 13:18:52 ,Afternoon Run,45.658708,-111.046673,1506.4, 13:38:03 
strava.com iPhone,1.1, 13:18:52 ,Afternoon Run,45.658739,-111.046668,1506.3, 13:38:04 
strava.com iPhone,1.1, 13:18:52 ,Afternoon Run,45.658764,-111.046686,1506.3, 13:38:08 
strava.com iPhone,1.1, 13:18:52 ,Afternoon Run,45.658795,-111.046681,1506.3, 13:38:09 
strava.com iPhone,1.1, 13:18:52 ,Afternoon Run,45.658826,-111.046681,1506.2, 13:38:11 
strava.com iPhone,1.1, 13:18:52 ,Afternoon Run,45.658861,-111.046692,1506.2, 13:38:14 
strava.com iPhone,1.1, 13:18:52 ,Afternoon Run,45.658893,-111.046702,1506.2, 13:38:17 
strava.com iPhone,1.1, 13:18:52 ,Afternoon Run,45.658924,-111.046715,1506.1, 13:38:18 
strava.com iPhone,1.1, 13:18:52 ,Afternoon Run,45.658957,-111.046736,1506.1, 13:38:20 
strava.com iPhone,1.1, 13:18:52 ,Afternoon Run,45.658994,-111.046735,1506.1, 13:38:22 
strava.com iPhone,1.1, 13:18:52 ,Afternoon Run,45.659033,-111.046717,1506, 13:38:24 
strava.com iPhone,1.1, 13:18:52 ,Afternoon Run,45.659063,-111.046711,1506, 13:38:26 
strava.com iPhone,1.1, 13:18:52 ,Afternoon Run,45.659091,-111.046699,1505.9, 13:38:28 
strava.com iPhone,1.1, 13:18:52 ,Afternoon Run,45.659115,-111.04668,1505.9, 13:38:33 
strava.com iPhone,1.1, 13:18:52 ,Afternoon Run,45.659148,-111.046673,1505.9, 13:38:35 
strava.com iPhone,1.1, 13:18:52 ,Afternoon Run,45.659185,-111.046673,1505.8, 13:38:38 
strava.com iPhone,1.1, 13:18:52 ,Afternoon Run,45.659222,-111.046671,1505.8, 13:38:41 
strava.com iPhone,1.1, 13:18:52 ,Afternoon Run,45.659242,-111.046679,1505.8, 13:38:44 
strava.com iPhone,1.1, 13:18:52 ,Afternoon Run,45.659273,-111.046691,1505.7, 13:38:45 
strava.com iPhone,1.1, 13:18:52 ,Afternoon Run,45.659309,-111.046681,1505.7, 13:38:48 
strava.com iPhone,1.1, 13:18:52 ,Afternoon Run,45.659376,-111.046679,1505.6, 13:38:50 
strava.com iPhone,1.1, 13:18:52 ,Afternoon Run,45.659406,-111.046684,1505.6, 13:38:51 
strava.com iPhone,1.1, 13:18:52 ,Afternoon Run,45.65944,-111.046694,1505.6, 13:38:54 
strava.com iPhone,1.1, 13:18:52 ,Afternoon Run,45.65948,-111.0467,1505.5, 13:38:57 
strava.com iPhone,1.1, 13:18:52 ,Afternoon Run,45.65951,-111.046706,1505.5, 13:38:59 
strava.com iPhone,1.1, 13:18:52 ,Afternoon Run,45.659549,-111.046721,1505.5, 13:39:04 
strava.com iPhone,1.1, 13:18:52 ,Afternoon Run,45.659581,-111.046701,1505.4, 13:39:16 
strava.com iPhone,1.1, 13:18:52 ,Afternoon Run,45.659625,-111.046694,1505.3, 13:39:18 
strava.com iPhone,1.1, 13:18:52 ,Afternoon Run,45.659654,-111.046691,1505.3, 13:39:21 
strava.com iPhone,1.1, 13:18:52 ,Afternoon Run,45.659682,-111.046679,1505.3, 13:39:22 
strava.com iPhone,1.1, 13:18:52 ,Afternoon Run,45.659722,-111.046687,1505.2, 13:39:24 
strava.com iPhone,1.1, 13:18:52 ,Afternoon Run,45.65975,-111.046696,1505.2, 13:39:26 
strava.com iPhone,1.1, 13:18:52 ,Afternoon Run,45.659785,-111.046692,1505.2, 13:39:30 
strava.com iPhone,1.1, 13:18:52 ,Afternoon Run,45.659821,-111.046696,1505.2, 13:39:31 
strava.com iPhone,1.1, 13:18:52 ,Afternoon Run,45.659851,-111.046707,1505.3, 13:39:33 
strava.com iPhone,1.1, 13:18:52 ,Afternoon Run,45.65989,-111.04672,1505.3, 13:39:36 
strava.com iPhone,1.1, 13:18:52 ,Afternoon Run,45.659913,-111.046737,1505.3, 13:39:39 
strava.com iPhone,1.1, 13:18:52 ,Afternoon Run,45.659952,-111.046731,1505.3, 13:39:41 
strava.com iPhone,1.1, 13:18:52 ,Afternoon Run,45.659991,-111.046729,1505.3, 13:39:44 
strava.com iPhone,1.1, 13:18:52 ,Afternoon Run,45.66002,-111.046747,1505.2, 13:39:45 
strava.com iPhone,1.1, 13:18:52 ,Afternoon Run,45.660049,-111.046743,1505.2, 13:39:48 
strava.com iPhone,1.1, 13:18:52 ,Afternoon Run,45.660078,-111.046741,1505.2, 13:39:52 
strava.com iPhone,1.1, 13:18:52 ,Afternoon Run,45.660121,-111.04674,1505.2, 13:39:54 
strava.com iPhone,1.1, 13:18:52 ,Afternoon Run,45.660166,-111.046724,1505.2, 13:39:59 
strava.com iPhone,1.1, 13:18:52 ,Afternoon Run,45.660181,-111.046717,1505.1, 13:40:00 
strava.com iPhone,1.1, 13:18:52 ,Afternoon Run,45.660207,-111.046706,1505.1, 13:40:02 
strava.com iPhone,1.1, 13:18:52 ,Afternoon Run,45.660241,-111.046703,1505.1, 13:40:06 
strava.com iPhone,1.1, 13:18:52 ,Afternoon Run,45.660268,-111.046697,1505, 13:40:09 
strava.com iPhone,1.1, 13:18:52 ,Afternoon Run,45.660313,-111.046669,1505, 13:40:12 
strava.com iPhone,1.1, 13:18:52 ,Afternoon Run,45.660333,-111.046668,1505, 13:40:13 
strava.com iPhone,1.1, 13:18:52 ,Afternoon Run,45.660365,-111.046669,1505, 13:40:16 
strava.com iPhone,1.1, 13:18:52 ,Afternoon Run,45.660403,-111.046677,1504.9, 13:40:17 
strava.com iPhone,1.1, 13:18:52 ,Afternoon Run,45.660434,-111.04669,1504.9, 13:40:19 
strava.com iPhone,1.1, 13:18:52 ,Afternoon Run,45.660471,-111.046685,1504.9, 13:40:22 
strava.com iPhone,1.1, 13:18:52 ,Afternoon Run,45.6605,-111.046673,1504.9, 13:40:24 
strava.com iPhone,1.1, 13:18:52 ,Afternoon Run,45.660527,-111.046664,1504.8, 13:40:26 
strava.com iPhone,1.1, 13:18:52 ,Afternoon Run,45.660555,-111.04666,1504.8, 13:40:28 
strava.com iPhone,1.1, 13:18:52 ,Afternoon Run,45.660583,-111.046658,1504.8, 13:40:30 
strava.com iPhone,1.1, 13:18:52 ,Afternoon Run,45.660617,-111.046657,1504.8, 13:40:32 
strava.com iPhone,1.1, 13:18:52 ,Afternoon Run,45.660648,-111.046654,1504.7, 13:40:34 
strava.com iPhone,1.1, 13:18:52 ,Afternoon Run,45.660677,-111.046652,1504.7, 13:40:36 
strava.com iPhone,1.1, 13:18:52 ,Afternoon Run,45.660704,-111.046651,1504.7, 13:40:38 
strava.com iPhone,1.1, 13:18:52 ,Afternoon Run,45.660735,-111.046652,1504.7, 13:40:40 
strava.com iPhone,1.1, 13:18:52 ,Afternoon Run,45.660767,-111.046654,1504.6, 13:40:42 
strava.com iPhone,1.1, 13:18:52 ,Afternoon Run,45.660803,-111.046666,1504.6, 13:40:45 
strava.com iPhone,1.1, 13:18:52 ,Afternoon Run,45.660836,-111.046656,1504.6, 13:40:49 
strava.com iPhone,1.1, 13:18:52 ,Afternoon Run,45.660881,-111.046655,1504.5, 13:40:53 
strava.com iPhone,1.1, 13:18:52 ,Afternoon Run,45.660896,-111.046669,1504.5, 13:40:56 
strava.com iPhone,1.1, 13:18:52 ,Afternoon Run,45.660924,-111.046676,1504.5, 13:40:58 
strava.com iPhone,1.1, 13:18:52 ,Afternoon Run,45.660969,-111.046682,1504.5, 13:41:01 
strava.com iPhone,1.1, 13:18:52 ,Afternoon Run,45.660997,-111.046689,1504.5, 13:41:02 
strava.com iPhone,1.1, 13:18:52 ,Afternoon Run,45.66104,-111.046701,1504.4, 13:41:03 
strava.com iPhone,1.1, 13:18:52 ,Afternoon Run,45.661052,-111.046702,1504.4, 13:41:04 
strava.com iPhone,1.1, 13:18:52 ,Afternoon Run,45.661102,-111.046694,1504.4, 13:41:07 
strava.com iPhone,1.1, 13:18:52 ,Afternoon Run,45.661125,-111.046697,1504.4, 13:41:08 
strava.com iPhone,1.1, 13:18:52 ,Afternoon Run,45.661173,-111.046702,1504.3, 13:41:11 
strava.com iPhone,1.1, 13:18:52 ,Afternoon Run,45.6612,-111.046702,1504.3, 13:41:15 
strava.com iPhone,1.1, 13:18:52 ,Afternoon Run,45.661236,-111.046701,1504.3, 13:41:17 
strava.com iPhone,1.1, 13:18:52 ,Afternoon Run,45.661263,-111.046714,1504.3, 13:41:20 
strava.com iPhone,1.1, 13:18:52 ,Afternoon Run,45.661299,-111.046713,1504.2, 13:41:24 
strava.com iPhone,1.1, 13:18:52 ,Afternoon Run,45.661336,-111.046717,1504.2, 13:41:25 
strava.com iPhone,1.1, 13:18:52 ,Afternoon Run,45.661372,-111.046738,1504.1, 13:41:28 
strava.com iPhone,1.1, 13:18:52 ,Afternoon Run,45.661411,-111.046738,1504, 13:41:32 
strava.com iPhone,1.1, 13:18:52 ,Afternoon Run,45.661442,-111.046732,1504, 13:41:34 
strava.com iPhone,1.1, 13:18:52 ,Afternoon Run,45.661471,-111.046746,1503.9, 13:41:35 
strava.com iPhone,1.1, 13:18:52 ,Afternoon Run,45.661509,-111.046749,1503.9, 13:41:39 
strava.com iPhone,1.1, 13:18:52 ,Afternoon Run,45.661533,-111.046737,1503.9, 13:41:41 
strava.com iPhone,1.1, 13:18:52 ,Afternoon Run,45.661579,-111.04675,1503.8, 13:41:43 
strava.com iPhone,1.1, 13:18:52 ,Afternoon Run,45.661612,-111.046767,1503.8, 13:41:45 
strava.com iPhone,1.1, 13:18:52 ,Afternoon Run,45.66165,-111.046757,1503.7, 13:41:48 
strava.com iPhone,1.1, 13:18:52 ,Afternoon Run,45.661682,-111.046744,1503.7, 13:41:50 
strava.com iPhone,1.1, 13:18:52 ,Afternoon Run,45.661739,-111.046755,1503.6, 13:41:53 
strava.com iPhone,1.1, 13:18:52 ,Afternoon Run,45.661749,-111.046761,1503.6, 13:41:54 
strava.com iPhone,1.1, 13:18:52 ,Afternoon Run,45.661779,-111.046779,1503.6, 13:41:57 
strava.com iPhone,1.1, 13:18:52 ,Afternoon Run,45.66181,-111.046785,1503.5, 13:42:01 
strava.com iPhone,1.1, 13:18:52 ,Afternoon Run,45.661841,-111.046777,1503.5, 13:42:03 
strava.com iPhone,1.1, 13:18:52 ,Afternoon Run,45.661873,-111.046751,1503.5, 13:42:06 
strava.com iPhone,1.1, 13:18:52 ,Afternoon Run,45.661904,-111.046734,1503.4, 13:42:07 
strava.com iPhone,1.1, 13:18:52 ,Afternoon Run,45.661927,-111.046709,1503.4, 13:42:11 
strava.com iPhone,1.1, 13:18:52 ,Afternoon Run,45.661955,-111.04669,1503.4, 13:42:15 
strava.com iPhone,1.1, 13:18:52 ,Afternoon Run,45.661995,-111.046679,1503.3, 13:42:16 
strava.com iPhone,1.1, 13:18:52 ,Afternoon Run,45.66203,-111.046659,1503.3, 13:42:20 
strava.com iPhone,1.1, 13:18:52 ,Afternoon Run,45.662055,-111.046648,1503.3, 13:42:22 
strava.com iPhone,1.1, 13:18:52 ,Afternoon Run,45.662106,-111.046694,1503.2, 13:42:25 
strava.com iPhone,1.1, 13:18:52 ,Afternoon Run,45.662115,-111.046705,1503.2, 13:42:26 
strava.com iPhone,1.1, 13:18:52 ,Afternoon Run,45.662168,-111.046702,1503.2, 13:42:29 
strava.com iPhone,1.1, 13:18:52 ,Afternoon Run,45.662183,-111.0467,1503.1, 13:42:30 
strava.com iPhone,1.1, 13:18:52 ,Afternoon Run,45.662223,-111.046683,1503.1, 13:42:34 
strava.com iPhone,1.1, 13:18:52 ,Afternoon Run,45.662239,-111.046665,1503.1, 13:42:36 
strava.com iPhone,1.1, 13:18:52 ,Afternoon Run,45.662268,-111.04667,1503, 13:42:39 
strava.com iPhone,1.1, 13:18:52 ,Afternoon Run,45.662301,-111.0467,1503, 13:42:41 
strava.com iPhone,1.1, 13:18:52 ,Afternoon Run,45.662338,-111.0467,1503, 13:42:44 
strava.com iPhone,1.1, 13:18:52 ,Afternoon Run,45.662385,-111.046695,1502.9, 13:42:47 
strava.com iPhone,1.1, 13:18:52 ,Afternoon Run,45.66243,-111.04669,1502.9, 13:42:49 
strava.com iPhone,1.1, 13:18:52 ,Afternoon Run,45.662466,-111.046686,1502.8, 13:42:52 
strava.com iPhone,1.1, 13:18:52 ,Afternoon Run,45.6625,-111.046665,1502.8, 13:42:54 
strava.com iPhone,1.1, 13:18:52 ,Afternoon Run,45.662565,-111.046658,1502.7, 13:42:57 
strava.com iPhone,1.1, 13:18:52 ,Afternoon Run,45.662582,-111.046656,1502.7, 13:42:58 
strava.com iPhone,1.1, 13:18:52 ,Afternoon Run,45.662614,-111.046636,1502.7, 13:43:01 
strava.com iPhone,1.1, 13:18:52 ,Afternoon Run,45.662641,-111.046627,1502.6, 13:43:04 
strava.com iPhone,1.1, 13:18:52 ,Afternoon Run,45.662685,-111.046634,1502.6, 13:43:06 
strava.com iPhone,1.1, 13:18:52 ,Afternoon Run,45.662697,-111.046636,1502.6, 13:43:07 
strava.com iPhone,1.1, 13:18:52 ,Afternoon Run,45.662738,-111.046661,1502.5, 13:43:11 
strava.com iPhone,1.1, 13:18:52 ,Afternoon Run,45.662756,-111.04667,1502.5, 13:43:12 
strava.com iPhone,1.1, 13:18:52 ,Afternoon Run,45.662789,-111.046669,1502.5, 13:43:14 
strava.com iPhone,1.1, 13:18:52 ,Afternoon Run,45.662821,-111.046657,1502.4, 13:43:17 
strava.com iPhone,1.1, 13:18:52 ,Afternoon Run,45.662864,-111.046634,1502.4, 13:43:20 
strava.com iPhone,1.1, 13:18:52 ,Afternoon Run,45.662893,-111.046639,1502.3, 13:43:22 
strava.com iPhone,1.1, 13:18:52 ,Afternoon Run,45.662923,-111.046662,1502.3, 13:43:25 
strava.com iPhone,1.1, 13:18:52 ,Afternoon Run,45.662952,-111.046661,1502.3, 13:43:28 
strava.com iPhone,1.1, 13:18:52 ,Afternoon Run,45.662986,-111.046651,1502.2, 13:43:29 
strava.com iPhone,1.1, 13:18:52 ,Afternoon Run,45.663014,-111.046656,1502.2, 13:43:30 
strava.com iPhone,1.1, 13:18:52 ,Afternoon Run,45.663046,-111.04667,1502.2, 13:43:32 
strava.com iPhone,1.1, 13:18:52 ,Afternoon Run,45.663075,-111.046688,1502.2, 13:43:33 
strava.com iPhone,1.1, 13:18:52 ,Afternoon Run,45.663108,-111.046696,1502.1, 13:43:34 
strava.com iPhone,1.1, 13:18:52 ,Afternoon Run,45.663134,-111.046683,1502.1, 13:43:37 
strava.com iPhone,1.1, 13:18:52 ,Afternoon Run,45.663159,-111.046665,1502, 13:43:38 
strava.com iPhone,1.1, 13:18:52 ,Afternoon Run,45.663196,-111.046663,1501.9, 13:43:41 
strava.com iPhone,1.1, 13:18:52 ,Afternoon Run,45.663243,-111.046663,1501.9, 13:43:45 
strava.com iPhone,1.1, 13:18:52 ,Afternoon Run,45.663262,-111.046661,1501.8, 13:43:46 
strava.com iPhone,1.1, 13:18:52 ,Afternoon Run,45.663313,-111.04666,1501.8, 13:43:48 
strava.com iPhone,1.1, 13:18:52 ,Afternoon Run,45.66334,-111.046665,1501.8, 13:43:50 
strava.com iPhone,1.1, 13:18:52 ,Afternoon Run,45.663368,-111.046647,1501.7, 13:43:53 
strava.com iPhone,1.1, 13:18:52 ,Afternoon Run,45.663399,-111.046648,1501.7, 13:43:56 
strava.com iPhone,1.1, 13:18:52 ,Afternoon Run,45.663434,-111.046649,1501.6, 13:43:58 
strava.com iPhone,1.1, 13:18:52 ,Afternoon Run,45.663465,-111.046645,1501.6, 13:44:01 
strava.com iPhone,1.1, 13:18:52 ,Afternoon Run,45.663495,-111.046644,1501.6, 13:44:04 
strava.com iPhone,1.1, 13:18:52 ,Afternoon Run,45.66353,-111.046662,1501.5, 13:44:06 
strava.com iPhone,1.1, 13:18:52 ,Afternoon Run,45.663565,-111.046663,1501.5, 13:44:10 
strava.com iPhone,1.1, 13:18:52 ,Afternoon Run,45.663588,-111.046656,1501.5, 13:44:14 
strava.com iPhone,1.1, 13:18:52 ,Afternoon Run,45.66363,-111.046668,1501.4, 13:44:15 
strava.com iPhone,1.1, 13:18:52 ,Afternoon Run,45.663661,-111.046668,1501.4, 13:44:17 
strava.com iPhone,1.1, 13:18:52 ,Afternoon Run,45.663701,-111.046656,1501.3, 13:44:20 
strava.com iPhone,1.1, 13:18:52 ,Afternoon Run,45.663743,-111.046653,1501.3, 13:44:22 
strava.com iPhone,1.1, 13:18:52 ,Afternoon Run,45.663798,-111.046658,1501.2, 13:44:24 
strava.com iPhone,1.1, 13:18:52 ,Afternoon Run,45.66383,-111.046655,1501.1, 13:44:27 
strava.com iPhone,1.1, 13:18:52 ,Afternoon Run,45.663856,-111.046623,1501.1, 13:44:30 
strava.com iPhone,1.1, 13:18:52 ,Afternoon Run,45.663913,-111.046642,1501, 13:44:33 
strava.com iPhone,1.1, 13:18:52 ,Afternoon Run,45.663929,-111.046643,1501, 13:44:34 
strava.com iPhone,1.1, 13:18:52 ,Afternoon Run,45.663991,-111.046642,1500.9, 13:44:37 
strava.com iPhone,1.1, 13:18:52 ,Afternoon Run,45.664006,-111.04664,1500.9, 13:44:38 
strava.com iPhone,1.1, 13:18:52 ,Afternoon Run,45.664044,-111.046642,1500.9, 13:44:41 
strava.com iPhone,1.1, 13:18:52 ,Afternoon Run,45.664078,-111.046638,1500.8, 13:44:43 
strava.com iPhone,1.1, 13:18:52 ,Afternoon Run,45.664116,-111.04662,1500.8, 13:44:46 
strava.com iPhone,1.1, 13:18:52 ,Afternoon Run,45.66416,-111.046631,1500.7, 13:44:48 
strava.com iPhone,1.1, 13:18:52 ,Afternoon Run,45.664194,-111.046647,1500.7, 13:44:50 
strava.com iPhone,1.1, 13:18:52 ,Afternoon Run,45.664225,-111.046656,1500.6, 13:44:53 
strava.com iPhone,1.1, 13:18:52 ,Afternoon Run,45.664263,-111.046663,1500.6, 13:44:55 
strava.com iPhone,1.1, 13:18:52 ,Afternoon Run,45.664289,-111.046677,1500.5, 13:44:56 
strava.com iPhone,1.1, 13:18:52 ,Afternoon Run,45.664332,-111.046698,1500.4, 13:44:59 
strava.com iPhone,1.1, 13:18:52 ,Afternoon Run,45.664357,-111.046719,1500.4, 13:45:00 
strava.com iPhone,1.1, 13:18:52 ,Afternoon Run,45.664388,-111.046715,1500.3, 13:45:03 
strava.com iPhone,1.1, 13:18:52 ,Afternoon Run,45.664419,-111.046747,1500.2, 13:45:07 
strava.com iPhone,1.1, 13:18:52 ,Afternoon Run,45.664455,-111.04677,1500.2, 13:45:10 
strava.com iPhone,1.1, 13:18:52 ,Afternoon Run,45.664493,-111.04676,1500.2, 13:45:12 
strava.com iPhone,1.1, 13:18:52 ,Afternoon Run,45.664537,-111.046778,1500.1, 13:45:14 
strava.com iPhone,1.1, 13:18:52 ,Afternoon Run,45.664565,-111.046785,1500.1, 13:45:18 
strava.com iPhone,1.1, 13:18:52 ,Afternoon Run,45.664602,-111.046766,1500, 13:45:20 
strava.com iPhone,1.1, 13:18:52 ,Afternoon Run,45.664637,-111.046767,1499.9, 13:45:22 
strava.com iPhone,1.1, 13:18:52 ,Afternoon Run,45.664667,-111.046767,1499.9, 13:45:24 
strava.com iPhone,1.1, 13:18:52 ,Afternoon Run,45.664707,-111.046751,1499.8, 13:45:27 
strava.com iPhone,1.1, 13:18:52 ,Afternoon Run,45.664758,-111.046725,1499.8, 13:45:29 
strava.com iPhone,1.1, 13:18:52 ,Afternoon Run,45.664782,-111.046708,1499.7, 13:45:30 
strava.com iPhone,1.1, 13:18:52 ,Afternoon Run,45.664803,-111.046684,1499.7, 13:45:34 
strava.com iPhone,1.1, 13:18:52 ,Afternoon Run,45.664806,-111.046638,1499.7, 13:45:37 
strava.com iPhone,1.1, 13:18:52 ,Afternoon Run,45.66484,-111.04664,1499.7, 13:45:41 
strava.com iPhone,1.1, 13:18:52 ,Afternoon Run,45.664877,-111.046631,1499.6, 13:45:45 
strava.com iPhone,1.1, 13:18:52 ,Afternoon Run,45.664919,-111.046611,1499.6, 13:45:46 
strava.com iPhone,1.1, 13:18:52 ,Afternoon Run,45.66497,-111.046603,1499.5, 13:45:49 
strava.com iPhone,1.1, 13:18:52 ,Afternoon Run,45.665,-111.046598,1499.5, 13:45:50 
strava.com iPhone,1.1, 13:18:52 ,Afternoon Run,45.665031,-111.046588,1499.5, 13:45:53 
strava.com iPhone,1.1, 13:18:52 ,Afternoon Run,45.665066,-111.046592,1499.4, 13:45:55 
strava.com iPhone,1.1, 13:18:52 ,Afternoon Run,45.665098,-111.0466,1499.4, 13:45:57 
strava.com iPhone,1.1, 13:18:52 ,Afternoon Run,45.665125,-111.046616,1499.4, 13:46:01 
strava.com iPhone,1.1, 13:18:52 ,Afternoon Run,45.665159,-111.046621,1499.3, 13:46:03 
strava.com iPhone,1.1, 13:18:52 ,Afternoon Run,45.6652,-111.046648,1499.3, 13:46:05 
strava.com iPhone,1.1, 13:18:52 ,Afternoon Run,45.665228,-111.04669,1499.2, 13:46:06 
strava.com iPhone,1.1, 13:18:52 ,Afternoon Run,45.66525,-111.04672,1499.2, 13:46:07 
strava.com iPhone,1.1, 13:18:52 ,Afternoon Run,45.665278,-111.046725,1499.2, 13:46:10 
strava.com iPhone,1.1, 13:18:52 ,Afternoon Run,45.665304,-111.046747,1499.2, 13:46:12 
strava.com iPhone,1.1, 13:18:52 ,Afternoon Run,45.665332,-111.046786,1499.1, 13:46:14 
strava.com iPhone,1.1, 13:18:52 ,Afternoon Run,45.66536,-111.046788,1499.1, 13:46:18 
strava.com iPhone,1.1, 13:18:52 ,Afternoon Run,45.66539,-111.046778,1499, 13:46:21 
strava.com iPhone,1.1, 13:18:52 ,Afternoon Run,45.665417,-111.046769,1499, 13:46:22 
strava.com iPhone,1.1, 13:18:52 ,Afternoon Run,45.665445,-111.046753,1498.9, 13:46:25 
strava.com iPhone,1.1, 13:18:52 ,Afternoon Run,45.66549,-111.046741,1498.9, 13:46:28 
strava.com iPhone,1.1, 13:18:52 ,Afternoon Run,45.665533,-111.046759,1498.8, 13:46:32 
strava.com iPhone,1.1, 13:18:52 ,Afternoon Run,45.665553,-111.046748,1498.8, 13:46:35 
strava.com iPhone,1.1, 13:18:52 ,Afternoon Run,45.665588,-111.046739,1498.8, 13:46:37 
strava.com iPhone,1.1, 13:18:52 ,Afternoon Run,45.665622,-111.046741,1498.7, 13:46:39 
strava.com iPhone,1.1, 13:18:52 ,Afternoon Run,45.665652,-111.046745,1498.7, 13:46:41 
strava.com iPhone,1.1, 13:18:52 ,Afternoon Run,45.665697,-111.046743,1498.6, 13:46:44 
strava.com iPhone,1.1, 13:18:52 ,Afternoon Run,45.665749,-111.046742,1498.5, 13:46:46 
strava.com iPhone,1.1, 13:18:52 ,Afternoon Run,45.665793,-111.046762,1498.4, 13:46:48 
strava.com iPhone,1.1, 13:18:52 ,Afternoon Run,45.665831,-111.046788,1498.4, 13:46:50 
strava.com iPhone,1.1, 13:18:52 ,Afternoon Run,45.665838,-111.046749,1498.4, 13:46:54 
strava.com iPhone,1.1, 13:18:52 ,Afternoon Run,45.665865,-111.046726,1498.3, 13:46:57 
strava.com iPhone,1.1, 13:18:52 ,Afternoon Run,45.665886,-111.046699,1498.3, 13:47:00 
strava.com iPhone,1.1, 13:18:52 ,Afternoon Run,45.665914,-111.046672,1498.2, 13:47:04 
strava.com iPhone,1.1, 13:18:52 ,Afternoon Run,45.665963,-111.046648,1498.2, 13:47:07 
strava.com iPhone,1.1, 13:18:52 ,Afternoon Run,45.66598,-111.046643,1498.1, 13:47:08 
strava.com iPhone,1.1, 13:18:52 ,Afternoon Run,45.66601,-111.046636,1498.1, 13:47:10 
strava.com iPhone,1.1, 13:18:52 ,Afternoon Run,45.666039,-111.046629,1498.1, 13:47:12 
strava.com iPhone,1.1, 13:18:52 ,Afternoon Run,45.666083,-111.046613,1498, 13:47:16 
strava.com iPhone,1.1, 13:18:52 ,Afternoon Run,45.666126,-111.046595,1498.1, 13:47:18 
strava.com iPhone,1.1, 13:18:52 ,Afternoon Run,45.666158,-111.04657,1498.1, 13:47:21 
strava.com iPhone,1.1, 13:18:52 ,Afternoon Run,45.666197,-111.04656,1498, 13:47:23 
strava.com iPhone,1.1, 13:18:52 ,Afternoon Run,45.666235,-111.046559,1498, 13:47:25 
strava.com iPhone,1.1, 13:18:52 ,Afternoon Run,45.666277,-111.046578,1498, 13:47:28 
strava.com iPhone,1.1, 13:18:52 ,Afternoon Run,45.666306,-111.046581,1497.9, 13:47:29 
strava.com iPhone,1.1, 13:18:52 ,Afternoon Run,45.666351,-111.046558,1497.9, 13:47:31 
strava.com iPhone,1.1, 13:18:52 ,Afternoon Run,45.666382,-111.046543,1497.8, 13:47:33 
strava.com iPhone,1.1, 13:18:52 ,Afternoon Run,45.666427,-111.046502,1497.7, 13:47:36 
strava.com iPhone,1.1, 13:18:52 ,Afternoon Run,45.66644,-111.046484,1497.7, 13:47:37 
strava.com iPhone,1.1, 13:18:52 ,Afternoon Run,45.666468,-111.046472,1497.7, 13:47:39 
strava.com iPhone,1.1, 13:18:52 ,Afternoon Run,45.666503,-111.046491,1497.7, 13:47:41 
strava.com iPhone,1.1, 13:18:52 ,Afternoon Run,45.666534,-111.04651,1497.6, 13:47:43 
strava.com iPhone,1.1, 13:18:52 ,Afternoon Run,45.666562,-111.046522,1497.6, 13:47:45 
strava.com iPhone,1.1, 13:18:52 ,Afternoon Run,45.666592,-111.046526,1497.6, 13:47:47 
strava.com iPhone,1.1, 13:18:52 ,Afternoon Run,45.666638,-111.04653,1497.5, 13:47:49 
strava.com iPhone,1.1, 13:18:52 ,Afternoon Run,45.666665,-111.046531,1497.5, 13:47:50 
strava.com iPhone,1.1, 13:18:52 ,Afternoon Run,45.666716,-111.046531,1497.4, 13:47:52 
strava.com iPhone,1.1, 13:18:52 ,Afternoon Run,45.666758,-111.046537,1497.4, 13:47:55 
strava.com iPhone,1.1, 13:18:52 ,Afternoon Run,45.666792,-111.046537,1497.4, 13:47:57 
strava.com iPhone,1.1, 13:18:52 ,Afternoon Run,45.66682,-111.046538,1497.4, 13:47:59 
strava.com iPhone,1.1, 13:18:52 ,Afternoon Run,45.666856,-111.04654,1497.4, 13:48:02 
strava.com iPhone,1.1, 13:18:52 ,Afternoon Run,45.666883,-111.046541,1497.3, 13:48:04 
strava.com iPhone,1.1, 13:18:52 ,Afternoon Run,45.666914,-111.046541,1497.3, 13:48:06 
strava.com iPhone,1.1, 13:18:52 ,Afternoon Run,45.666951,-111.046547,1497.2, 13:48:09 
strava.com iPhone,1.1, 13:18:52 ,Afternoon Run,45.666979,-111.046553,1497.2, 13:48:11 
strava.com iPhone,1.1, 13:18:52 ,Afternoon Run,45.667007,-111.046561,1497.2, 13:48:13 
strava.com iPhone,1.1, 13:18:52 ,Afternoon Run,45.667033,-111.046575,1497.1, 13:48:15 
strava.com iPhone,1.1, 13:18:52 ,Afternoon Run,45.667069,-111.046606,1497, 13:48:18 
strava.com iPhone,1.1, 13:18:52 ,Afternoon Run,45.667079,-111.046626,1497, 13:48:20 
strava.com iPhone,1.1, 13:18:52 ,Afternoon Run,45.667065,-111.046663,1497, 13:48:25 
strava.com iPhone,1.1, 13:18:52 ,Afternoon Run,45.667038,-111.046691,1497.1, 13:48:33 
strava.com iPhone,1.1, 13:18:52 ,Afternoon Run,45.667012,-111.046703,1497.1, 13:48:38 
strava.com iPhone,1.1, 13:18:52 ,Afternoon Run,45.66701,-111.046748,1497.1, 13:48:42 
strava.com iPhone,1.1, 13:18:52 ,Afternoon Run,45.667043,-111.04675,1497.1, 13:49:07 
strava.com iPhone,1.1, 13:18:52 ,Afternoon Run,45.66705,-111.046713,1497, 13:49:27 
strava.com iPhone,1.1, 13:18:52 ,Afternoon Run,45.667056,-111.046664,1497, 13:49:35 
strava.com iPhone,1.1, 13:18:52 ,Afternoon Run,45.667027,-111.046698,1497.1, 13:50:34 
