crea or,version,ns1: ime,ns1:name,la ,lon,ns1:ele,ns1: ime2
s rava.com iPhone,1.1, 12:43:10 ,Lunch Run,45.667074,-111.046704,1497, 12:43:10 
s rava.com iPhone,1.1, 12:43:10 ,Lunch Run,45.66704,-111.046691,1497, 12:43:13 
s rava.com iPhone,1.1, 12:43:10 ,Lunch Run,45.667006,-111.046677,1497.1, 12:43:16 
s rava.com iPhone,1.1, 12:43:10 ,Lunch Run,45.666979,-111.046663,1497.2, 12:43:18 
s rava.com iPhone,1.1, 12:43:10 ,Lunch Run,45.666948,-111.046651,1497.2, 12:43:20 
s rava.com iPhone,1.1, 12:43:10 ,Lunch Run,45.666917,-111.046649,1497.3, 12:43:22 
s rava.com iPhone,1.1, 12:43:10 ,Lunch Run,45.666886,-111.046645,1497.3, 12:43:24 
s rava.com iPhone,1.1, 12:43:10 ,Lunch Run,45.666856,-111.04664,1497.4, 12:43:26 
s rava.com iPhone,1.1, 12:43:10 ,Lunch Run,45.666825,-111.046636,1497.4, 12:43:28 
s rava.com iPhone,1.1, 12:43:10 ,Lunch Run,45.666794,-111.046633,1497.5, 12:43:30 
s rava.com iPhone,1.1, 12:43:10 ,Lunch Run,45.666763,-111.04663,1497.5, 12:43:32 
s rava.com iPhone,1.1, 12:43:10 ,Lunch Run,45.666735,-111.046625,1497.5, 12:43:34 
s rava.com iPhone,1.1, 12:43:10 ,Lunch Run,45.666706,-111.046621,1497.5, 12:43:36 
s rava.com iPhone,1.1, 12:43:10 ,Lunch Run,45.666669,-111.04663,1497.6, 12:43:38 
s rava.com iPhone,1.1, 12:43:10 ,Lunch Run,45.666623,-111.046654,1497.6, 12:43:41 
s rava.com iPhone,1.1, 12:43:10 ,Lunch Run,45.666608,-111.046663,1497.6, 12:43:42 
s rava.com iPhone,1.1, 12:43:10 ,Lunch Run,45.666575,-111.04668,1497.7, 12:43:44 
s rava.com iPhone,1.1, 12:43:10 ,Lunch Run,45.666543,-111.046698,1497.7, 12:43:46 
s rava.com iPhone,1.1, 12:43:10 ,Lunch Run,45.666511,-111.046712,1497.7, 12:43:48 
s rava.com iPhone,1.1, 12:43:10 ,Lunch Run,45.666483,-111.046721,1497.8, 12:43:50 
s rava.com iPhone,1.1, 12:43:10 ,Lunch Run,45.666455,-111.046708,1497.8, 12:43:53 
s rava.com iPhone,1.1, 12:43:10 ,Lunch Run,45.666433,-111.046684,1497.8, 12:43:55 
s rava.com iPhone,1.1, 12:43:10 ,Lunch Run,45.666404,-111.046674,1497.8, 12:43:57 
s rava.com iPhone,1.1, 12:43:10 ,Lunch Run,45.66637,-111.04667,1497.9, 12:44:00 
s rava.com iPhone,1.1, 12:43:10 ,Lunch Run,45.66634,-111.04667,1497.9, 12:44:02 
s rava.com iPhone,1.1, 12:43:10 ,Lunch Run,45.66631,-111.046675,1498, 12:44:04 
s rava.com iPhone,1.1, 12:43:10 ,Lunch Run,45.666276,-111.046697,1498, 12:44:06 
s rava.com iPhone,1.1, 12:43:10 ,Lunch Run,45.666247,-111.046703,1498, 12:44:09 
s rava.com iPhone,1.1, 12:43:10 ,Lunch Run,45.666211,-111.046694,1498.1, 12:44:12 
s rava.com iPhone,1.1, 12:43:10 ,Lunch Run,45.666171,-111.046695,1498.1, 12:44:15 
s rava.com iPhone,1.1, 12:43:10 ,Lunch Run,45.666135,-111.046672,1498.1, 12:44:18 
s rava.com iPhone,1.1, 12:43:10 ,Lunch Run,45.666098,-111.046683,1498.1, 12:44:20 
s rava.com iPhone,1.1, 12:43:10 ,Lunch Run,45.666063,-111.046703,1498.1, 12:44:22 
s rava.com iPhone,1.1, 12:43:10 ,Lunch Run,45.666033,-111.046708,1498.2, 12:44:24 
s rava.com iPhone,1.1, 12:43:10 ,Lunch Run,45.666007,-111.0467,1498.2, 12:44:26 
s rava.com iPhone,1.1, 12:43:10 ,Lunch Run,45.665975,-111.046693,1498.2, 12:44:28 
s rava.com iPhone,1.1, 12:43:10 ,Lunch Run,45.665943,-111.046688,1498.2, 12:44:30 
s rava.com iPhone,1.1, 12:43:10 ,Lunch Run,45.665915,-111.046687,1498.3, 12:44:32 
s rava.com iPhone,1.1, 12:43:10 ,Lunch Run,45.665875,-111.046683,1498.3, 12:44:35 
s rava.com iPhone,1.1, 12:43:10 ,Lunch Run,45.665843,-111.046685,1498.4, 12:44:37 
s rava.com iPhone,1.1, 12:43:10 ,Lunch Run,45.665803,-111.046683,1498.4, 12:44:40 
s rava.com iPhone,1.1, 12:43:10 ,Lunch Run,45.665778,-111.046668,1498.4, 12:44:42 
s rava.com iPhone,1.1, 12:43:10 ,Lunch Run,45.665742,-111.046651,1498.5, 12:44:45 
s rava.com iPhone,1.1, 12:43:10 ,Lunch Run,45.665703,-111.046639,1498.6, 12:44:48 
s rava.com iPhone,1.1, 12:43:10 ,Lunch Run,45.665673,-111.046632,1498.6, 12:44:50 
s rava.com iPhone,1.1, 12:43:10 ,Lunch Run,45.665642,-111.046617,1498.7, 12:44:53 
s rava.com iPhone,1.1, 12:43:10 ,Lunch Run,45.665616,-111.0466,1498.7, 12:44:56 
s rava.com iPhone,1.1, 12:43:10 ,Lunch Run,45.665587,-111.046602,1498.8, 12:44:58 
s rava.com iPhone,1.1, 12:43:10 ,Lunch Run,45.665558,-111.046611,1498.8, 12:45:00 
s rava.com iPhone,1.1, 12:43:10 ,Lunch Run,45.665526,-111.046621,1498.8, 12:45:02 
s rava.com iPhone,1.1, 12:43:10 ,Lunch Run,45.665499,-111.046639,1498.9, 12:45:04 
s rava.com iPhone,1.1, 12:43:10 ,Lunch Run,45.66547,-111.046663,1498.9, 12:45:06 
s rava.com iPhone,1.1, 12:43:10 ,Lunch Run,45.665439,-111.046689,1498.9, 12:45:08 
s rava.com iPhone,1.1, 12:43:10 ,Lunch Run,45.665411,-111.04672,1499, 12:45:10 
s rava.com iPhone,1.1, 12:43:10 ,Lunch Run,45.665388,-111.04675,1499, 12:45:12 
s rava.com iPhone,1.1, 12:43:10 ,Lunch Run,45.665363,-111.046771,1499.1, 12:45:14 
s rava.com iPhone,1.1, 12:43:10 ,Lunch Run,45.665331,-111.046788,1499.1, 12:45:16 
s rava.com iPhone,1.1, 12:43:10 ,Lunch Run,45.665301,-111.04681,1499.2, 12:45:18 
s rava.com iPhone,1.1, 12:43:10 ,Lunch Run,45.665271,-111.046832,1499.2, 12:45:21 
s rava.com iPhone,1.1, 12:43:10 ,Lunch Run,45.66523,-111.046844,1499.3, 12:45:24 
s rava.com iPhone,1.1, 12:43:10 ,Lunch Run,45.665197,-111.046846,1499.3, 12:45:26 
s rava.com iPhone,1.1, 12:43:10 ,Lunch Run,45.665162,-111.046849,1499.3, 12:45:28 
s rava.com iPhone,1.1, 12:43:10 ,Lunch Run,45.665129,-111.046849,1499.3, 12:45:30 
s rava.com iPhone,1.1, 12:43:10 ,Lunch Run,45.665091,-111.046844,1499.4, 12:45:32 
s rava.com iPhone,1.1, 12:43:10 ,Lunch Run,45.665061,-111.046838,1499.4, 12:45:34 
s rava.com iPhone,1.1, 12:43:10 ,Lunch Run,45.66503,-111.046836,1499.4, 12:45:36 
s rava.com iPhone,1.1, 12:43:10 ,Lunch Run,45.664993,-111.046836,1499.5, 12:45:39 
s rava.com iPhone,1.1, 12:43:10 ,Lunch Run,45.664965,-111.046829,1499.5, 12:45:41 
s rava.com iPhone,1.1, 12:43:10 ,Lunch Run,45.664937,-111.046831,1499.6, 12:45:43 
s rava.com iPhone,1.1, 12:43:10 ,Lunch Run,45.664909,-111.046843,1499.6, 12:45:46 
s rava.com iPhone,1.1, 12:43:10 ,Lunch Run,45.664869,-111.046855,1499.6, 12:45:50 
s rava.com iPhone,1.1, 12:43:10 ,Lunch Run,45.664808,-111.046863,1499.7, 12:45:53 
s rava.com iPhone,1.1, 12:43:10 ,Lunch Run,45.664789,-111.046863,1499.7, 12:45:55 
s rava.com iPhone,1.1, 12:43:10 ,Lunch Run,45.664755,-111.046862,1499.8, 12:45:56 
s rava.com iPhone,1.1, 12:43:10 ,Lunch Run,45.664722,-111.04686,1499.8, 12:45:58 
s rava.com iPhone,1.1, 12:43:10 ,Lunch Run,45.664689,-111.046858,1499.8, 12:46:00 
s rava.com iPhone,1.1, 12:43:10 ,Lunch Run,45.664656,-111.046854,1499.9, 12:46:02 
s rava.com iPhone,1.1, 12:43:10 ,Lunch Run,45.664623,-111.046851,1500, 12:46:04 
s rava.com iPhone,1.1, 12:43:10 ,Lunch Run,45.664595,-111.046849,1500, 12:46:06 
s rava.com iPhone,1.1, 12:43:10 ,Lunch Run,45.664566,-111.046838,1500.1, 12:46:09 
s rava.com iPhone,1.1, 12:43:10 ,Lunch Run,45.664535,-111.04683,1500.1, 12:46:12 
s rava.com iPhone,1.1, 12:43:10 ,Lunch Run,45.664507,-111.046834,1500.1, 12:46:14 
s rava.com iPhone,1.1, 12:43:10 ,Lunch Run,45.664479,-111.046836,1500.2, 12:46:16 
s rava.com iPhone,1.1, 12:43:10 ,Lunch Run,45.664448,-111.04684,1500.2, 12:46:18 
s rava.com iPhone,1.1, 12:43:10 ,Lunch Run,45.66442,-111.046844,1500.2, 12:46:20 
s rava.com iPhone,1.1, 12:43:10 ,Lunch Run,45.664392,-111.046844,1500.3, 12:46:22 
s rava.com iPhone,1.1, 12:43:10 ,Lunch Run,45.664363,-111.046839,1500.3, 12:46:25 
s rava.com iPhone,1.1, 12:43:10 ,Lunch Run,45.664335,-111.046837,1500.4, 12:46:26 
s rava.com iPhone,1.1, 12:43:10 ,Lunch Run,45.664305,-111.046841,1500.5, 12:46:28 
s rava.com iPhone,1.1, 12:43:10 ,Lunch Run,45.664269,-111.046846,1500.5, 12:46:30 
s rava.com iPhone,1.1, 12:43:10 ,Lunch Run,45.664235,-111.04685,1500.6, 12:46:32 
s rava.com iPhone,1.1, 12:43:10 ,Lunch Run,45.664204,-111.046856,1500.6, 12:46:34 
s rava.com iPhone,1.1, 12:43:10 ,Lunch Run,45.664172,-111.04686,1500.7, 12:46:36 
s rava.com iPhone,1.1, 12:43:10 ,Lunch Run,45.664135,-111.046865,1500.7, 12:46:38 
s rava.com iPhone,1.1, 12:43:10 ,Lunch Run,45.664106,-111.046868,1500.8, 12:46:40 
s rava.com iPhone,1.1, 12:43:10 ,Lunch Run,45.664072,-111.046868,1500.8, 12:46:43 
s rava.com iPhone,1.1, 12:43:10 ,Lunch Run,45.664041,-111.046866,1500.9, 12:46:45 
s rava.com iPhone,1.1, 12:43:10 ,Lunch Run,45.663987,-111.046862,1500.9, 12:46:49 
s rava.com iPhone,1.1, 12:43:10 ,Lunch Run,45.663972,-111.046861,1500.9, 12:46:50 
s rava.com iPhone,1.1, 12:43:10 ,Lunch Run,45.66394,-111.04686,1501, 12:46:52 
s rava.com iPhone,1.1, 12:43:10 ,Lunch Run,45.663901,-111.046859,1501, 12:46:54 
s rava.com iPhone,1.1, 12:43:10 ,Lunch Run,45.663859,-111.046866,1501.1, 12:46:57 
s rava.com iPhone,1.1, 12:43:10 ,Lunch Run,45.663829,-111.046881,1501.2, 12:46:58 
s rava.com iPhone,1.1, 12:43:10 ,Lunch Run,45.663788,-111.046893,1501.2, 12:47:01 
s rava.com iPhone,1.1, 12:43:10 ,Lunch Run,45.663752,-111.046897,1501.3, 12:47:03 
s rava.com iPhone,1.1, 12:43:10 ,Lunch Run,45.663723,-111.046885,1501.3, 12:47:08 
s rava.com iPhone,1.1, 12:43:10 ,Lunch Run,45.663684,-111.046877,1501.4, 12:47:11 
s rava.com iPhone,1.1, 12:43:10 ,Lunch Run,45.663653,-111.046879,1501.4, 12:47:13 
s rava.com iPhone,1.1, 12:43:10 ,Lunch Run,45.663626,-111.046881,1501.4, 12:47:15 
s rava.com iPhone,1.1, 12:43:10 ,Lunch Run,45.663597,-111.046873,1501.5, 12:47:18 
s rava.com iPhone,1.1, 12:43:10 ,Lunch Run,45.663544,-111.046863,1501.5, 12:47:22 
s rava.com iPhone,1.1, 12:43:10 ,Lunch Run,45.66352,-111.046865,1501.6, 12:47:23 
s rava.com iPhone,1.1, 12:43:10 ,Lunch Run,45.663466,-111.046875,1501.6, 12:47:25 
s rava.com iPhone,1.1, 12:43:10 ,Lunch Run,45.663426,-111.046877,1501.7, 12:47:27 
s rava.com iPhone,1.1, 12:43:10 ,Lunch Run,45.663394,-111.046872,1501.7, 12:47:30 
s rava.com iPhone,1.1, 12:43:10 ,Lunch Run,45.663355,-111.046863,1501.7, 12:47:32 
s rava.com iPhone,1.1, 12:43:10 ,Lunch Run,45.663315,-111.046856,1501.8, 12:47:35 
s rava.com iPhone,1.1, 12:43:10 ,Lunch Run,45.663288,-111.046855,1501.8, 12:47:37 
s rava.com iPhone,1.1, 12:43:10 ,Lunch Run,45.663259,-111.046856,1501.9, 12:47:39 
s rava.com iPhone,1.1, 12:43:10 ,Lunch Run,45.663229,-111.046853,1501.9, 12:47:41 
s rava.com iPhone,1.1, 12:43:10 ,Lunch Run,45.663201,-111.046847,1502, 12:47:43 
s rava.com iPhone,1.1, 12:43:10 ,Lunch Run,45.663171,-111.046838,1502, 12:47:46 
s rava.com iPhone,1.1, 12:43:10 ,Lunch Run,45.663138,-111.046837,1502.1, 12:47:48 
s rava.com iPhone,1.1, 12:43:10 ,Lunch Run,45.663106,-111.046843,1502.1, 12:47:50 
s rava.com iPhone,1.1, 12:43:10 ,Lunch Run,45.663077,-111.046847,1502.1, 12:47:52 
s rava.com iPhone,1.1, 12:43:10 ,Lunch Run,45.663048,-111.046854,1502.2, 12:47:54 
s rava.com iPhone,1.1, 12:43:10 ,Lunch Run,45.663009,-111.046864,1502.2, 12:47:57 
s rava.com iPhone,1.1, 12:43:10 ,Lunch Run,45.662979,-111.046862,1502.3, 12:48:01 
s rava.com iPhone,1.1, 12:43:10 ,Lunch Run,45.662941,-111.046861,1502.3, 12:48:04 
s rava.com iPhone,1.1, 12:43:10 ,Lunch Run,45.66289,-111.046855,1502.4, 12:48:06 
s rava.com iPhone,1.1, 12:43:10 ,Lunch Run,45.662874,-111.046855,1502.4, 12:48:07 
s rava.com iPhone,1.1, 12:43:10 ,Lunch Run,45.662847,-111.046855,1502.4, 12:48:09 
s rava.com iPhone,1.1, 12:43:10 ,Lunch Run,45.662815,-111.046852,1502.4, 12:48:11 
s rava.com iPhone,1.1, 12:43:10 ,Lunch Run,45.66278,-111.046853,1502.5, 12:48:13 
s rava.com iPhone,1.1, 12:43:10 ,Lunch Run,45.662747,-111.046854,1502.5, 12:48:15 
s rava.com iPhone,1.1, 12:43:10 ,Lunch Run,45.662709,-111.046856,1502.6, 12:48:17 
s rava.com iPhone,1.1, 12:43:10 ,Lunch Run,45.662675,-111.046855,1502.6, 12:48:19 
s rava.com iPhone,1.1, 12:43:10 ,Lunch Run,45.662639,-111.046851,1502.6, 12:48:21 
s rava.com iPhone,1.1, 12:43:10 ,Lunch Run,45.662603,-111.046852,1502.7, 12:48:24 
s rava.com iPhone,1.1, 12:43:10 ,Lunch Run,45.662573,-111.046845,1502.7, 12:48:27 
s rava.com iPhone,1.1, 12:43:10 ,Lunch Run,45.662536,-111.046841,1502.7, 12:48:29 
s rava.com iPhone,1.1, 12:43:10 ,Lunch Run,45.662505,-111.046844,1502.8, 12:48:31 
s rava.com iPhone,1.1, 12:43:10 ,Lunch Run,45.662468,-111.046846,1502.8, 12:48:34 
s rava.com iPhone,1.1, 12:43:10 ,Lunch Run,45.662439,-111.046851,1502.9, 12:48:36 
s rava.com iPhone,1.1, 12:43:10 ,Lunch Run,45.662411,-111.046854,1502.9, 12:48:38 
s rava.com iPhone,1.1, 12:43:10 ,Lunch Run,45.662384,-111.046861,1502.9, 12:48:40 
s rava.com iPhone,1.1, 12:43:10 ,Lunch Run,45.662344,-111.046861,1503, 12:48:43 
s rava.com iPhone,1.1, 12:43:10 ,Lunch Run,45.66231,-111.046859,1503, 12:48:45 
s rava.com iPhone,1.1, 12:43:10 ,Lunch Run,45.662281,-111.046851,1503, 12:48:48 
s rava.com iPhone,1.1, 12:43:10 ,Lunch Run,45.662252,-111.046839,1503.1, 12:48:50 
s rava.com iPhone,1.1, 12:43:10 ,Lunch Run,45.662216,-111.046834,1503.1, 12:48:53 
s rava.com iPhone,1.1, 12:43:10 ,Lunch Run,45.662188,-111.046834,1503.1, 12:48:55 
s rava.com iPhone,1.1, 12:43:10 ,Lunch Run,45.662155,-111.046838,1503.2, 12:48:57 
s rava.com iPhone,1.1, 12:43:10 ,Lunch Run,45.662124,-111.046845,1503.2, 12:48:59 
s rava.com iPhone,1.1, 12:43:10 ,Lunch Run,45.662092,-111.046843,1503.2, 12:49:02 
s rava.com iPhone,1.1, 12:43:10 ,Lunch Run,45.662059,-111.046842,1503.3, 12:49:04 
s rava.com iPhone,1.1, 12:43:10 ,Lunch Run,45.662029,-111.046845,1503.3, 12:49:06 
s rava.com iPhone,1.1, 12:43:10 ,Lunch Run,45.661999,-111.046849,1503.3, 12:49:09 
s rava.com iPhone,1.1, 12:43:10 ,Lunch Run,45.661962,-111.046846,1503.4, 12:49:12 
s rava.com iPhone,1.1, 12:43:10 ,Lunch Run,45.661934,-111.046842,1503.4, 12:49:15 
s rava.com iPhone,1.1, 12:43:10 ,Lunch Run,45.661907,-111.046835,1503.4, 12:49:17 
s rava.com iPhone,1.1, 12:43:10 ,Lunch Run,45.661867,-111.046836,1503.5, 12:49:19 
s rava.com iPhone,1.1, 12:43:10 ,Lunch Run,45.661836,-111.046839,1503.5, 12:49:21 
s rava.com iPhone,1.1, 12:43:10 ,Lunch Run,45.661799,-111.046838,1503.6, 12:49:23 
s rava.com iPhone,1.1, 12:43:10 ,Lunch Run,45.661758,-111.046837,1503.6, 12:49:26 
s rava.com iPhone,1.1, 12:43:10 ,Lunch Run,45.661729,-111.046838,1503.6, 12:49:28 
s rava.com iPhone,1.1, 12:43:10 ,Lunch Run,45.661696,-111.046836,1503.7, 12:49:30 
s rava.com iPhone,1.1, 12:43:10 ,Lunch Run,45.661656,-111.046835,1503.7, 12:49:33 
s rava.com iPhone,1.1, 12:43:10 ,Lunch Run,45.661623,-111.046831,1503.8, 12:49:35 
s rava.com iPhone,1.1, 12:43:10 ,Lunch Run,45.661589,-111.046815,1503.8, 12:49:38 
s rava.com iPhone,1.1, 12:43:10 ,Lunch Run,45.661555,-111.046815,1503.9, 12:49:41 
s rava.com iPhone,1.1, 12:43:10 ,Lunch Run,45.661526,-111.046816,1503.9, 12:49:44 
s rava.com iPhone,1.1, 12:43:10 ,Lunch Run,45.661497,-111.046823,1503.9, 12:49:46 
s rava.com iPhone,1.1, 12:43:10 ,Lunch Run,45.661463,-111.04683,1504, 12:49:48 
s rava.com iPhone,1.1, 12:43:10 ,Lunch Run,45.661427,-111.046835,1504, 12:49:50 
s rava.com iPhone,1.1, 12:43:10 ,Lunch Run,45.661396,-111.046839,1504.1, 12:49:52 
s rava.com iPhone,1.1, 12:43:10 ,Lunch Run,45.661366,-111.046842,1504.1, 12:49:54 
s rava.com iPhone,1.1, 12:43:10 ,Lunch Run,45.661331,-111.046841,1504.2, 12:49:57 
s rava.com iPhone,1.1, 12:43:10 ,Lunch Run,45.661297,-111.046839,1504.2, 12:50:00 
s rava.com iPhone,1.1, 12:43:10 ,Lunch Run,45.661263,-111.046828,1504.3, 12:50:04 
s rava.com iPhone,1.1, 12:43:10 ,Lunch Run,45.66122,-111.04683,1504.3, 12:50:06 
s rava.com iPhone,1.1, 12:43:10 ,Lunch Run,45.661179,-111.046833,1504.4, 12:50:08 
s rava.com iPhone,1.1, 12:43:10 ,Lunch Run,45.661142,-111.046838,1504.4, 12:50:10 
s rava.com iPhone,1.1, 12:43:10 ,Lunch Run,45.661099,-111.046846,1504.4, 12:50:12 
s rava.com iPhone,1.1, 12:43:10 ,Lunch Run,45.661071,-111.046852,1504.5, 12:50:14 
s rava.com iPhone,1.1, 12:43:10 ,Lunch Run,45.661042,-111.046851,1504.5, 12:50:16 
s rava.com iPhone,1.1, 12:43:10 ,Lunch Run,45.661013,-111.046843,1504.5, 12:50:18 
s rava.com iPhone,1.1, 12:43:10 ,Lunch Run,45.660986,-111.046847,1504.5, 12:50:21 
s rava.com iPhone,1.1, 12:43:10 ,Lunch Run,45.660954,-111.04685,1504.6, 12:50:23 
s rava.com iPhone,1.1, 12:43:10 ,Lunch Run,45.660912,-111.046848,1504.6, 12:50:26 
s rava.com iPhone,1.1, 12:43:10 ,Lunch Run,45.660879,-111.046846,1504.6, 12:50:28 
s rava.com iPhone,1.1, 12:43:10 ,Lunch Run,45.660842,-111.046846,1504.6, 12:50:30 
s rava.com iPhone,1.1, 12:43:10 ,Lunch Run,45.660805,-111.046843,1504.7, 12:50:32 
s rava.com iPhone,1.1, 12:43:10 ,Lunch Run,45.660768,-111.046841,1504.7, 12:50:34 
s rava.com iPhone,1.1, 12:43:10 ,Lunch Run,45.660735,-111.046844,1504.7, 12:50:36 
s rava.com iPhone,1.1, 12:43:10 ,Lunch Run,45.660703,-111.046845,1504.8, 12:50:38 
s rava.com iPhone,1.1, 12:43:10 ,Lunch Run,45.660675,-111.046847,1504.8, 12:50:40 
s rava.com iPhone,1.1, 12:43:10 ,Lunch Run,45.660645,-111.04685,1504.8, 12:50:42 
s rava.com iPhone,1.1, 12:43:10 ,Lunch Run,45.660612,-111.046851,1504.9, 12:50:44 
s rava.com iPhone,1.1, 12:43:10 ,Lunch Run,45.660582,-111.046853,1504.9, 12:50:46 
s rava.com iPhone,1.1, 12:43:10 ,Lunch Run,45.660552,-111.046856,1504.9, 12:50:48 
s rava.com iPhone,1.1, 12:43:10 ,Lunch Run,45.660524,-111.046857,1504.9, 12:50:50 
s rava.com iPhone,1.1, 12:43:10 ,Lunch Run,45.660497,-111.046855,1504.9, 12:50:52 
s rava.com iPhone,1.1, 12:43:10 ,Lunch Run,45.660461,-111.046853,1504.9, 12:50:55 
s rava.com iPhone,1.1, 12:43:10 ,Lunch Run,45.660434,-111.046847,1505, 12:50:58 
s rava.com iPhone,1.1, 12:43:10 ,Lunch Run,45.660397,-111.046845,1505, 12:51:04 
s rava.com iPhone,1.1, 12:43:10 ,Lunch Run,45.660357,-111.046849,1505, 12:51:06 
s rava.com iPhone,1.1, 12:43:10 ,Lunch Run,45.660319,-111.046844,1505.1, 12:51:08 
s rava.com iPhone,1.1, 12:43:10 ,Lunch Run,45.660279,-111.046839,1505.1, 12:51:10 
s rava.com iPhone,1.1, 12:43:10 ,Lunch Run,45.660246,-111.046838,1505.1, 12:51:12 
s rava.com iPhone,1.1, 12:43:10 ,Lunch Run,45.660217,-111.046836,1505.1, 12:51:14 
s rava.com iPhone,1.1, 12:43:10 ,Lunch Run,45.660187,-111.046831,1505.2, 12:51:16 
s rava.com iPhone,1.1, 12:43:10 ,Lunch Run,45.660153,-111.046826,1505.2, 12:51:18 
s rava.com iPhone,1.1, 12:43:10 ,Lunch Run,45.660108,-111.046825,1505.2, 12:51:20 
s rava.com iPhone,1.1, 12:43:10 ,Lunch Run,45.660081,-111.046825,1505.2, 12:51:22 
s rava.com iPhone,1.1, 12:43:10 ,Lunch Run,45.66005,-111.046834,1505.3, 12:51:25 
s rava.com iPhone,1.1, 12:43:10 ,Lunch Run,45.66002,-111.046824,1505.3, 12:51:27 
s rava.com iPhone,1.1, 12:43:10 ,Lunch Run,45.659987,-111.046805,1505.3, 12:51:30 
s rava.com iPhone,1.1, 12:43:10 ,Lunch Run,45.659949,-111.046804,1505.3, 12:51:33 
s rava.com iPhone,1.1, 12:43:10 ,Lunch Run,45.659918,-111.046798,1505.3, 12:51:35 
s rava.com iPhone,1.1, 12:43:10 ,Lunch Run,45.659889,-111.046795,1505.3, 12:51:37 
s rava.com iPhone,1.1, 12:43:10 ,Lunch Run,45.659862,-111.046796,1505.3, 12:51:39 
s rava.com iPhone,1.1, 12:43:10 ,Lunch Run,45.659832,-111.046793,1505.3, 12:51:41 
s rava.com iPhone,1.1, 12:43:10 ,Lunch Run,45.65979,-111.04679,1505.3, 12:51:43 
s rava.com iPhone,1.1, 12:43:10 ,Lunch Run,45.659751,-111.046791,1505.3, 12:51:45 
s rava.com iPhone,1.1, 12:43:10 ,Lunch Run,45.659719,-111.046797,1505.3, 12:51:47 
s rava.com iPhone,1.1, 12:43:10 ,Lunch Run,45.659682,-111.046809,1505.4, 12:51:50 
s rava.com iPhone,1.1, 12:43:10 ,Lunch Run,45.65965,-111.046816,1505.4, 12:51:52 
s rava.com iPhone,1.1, 12:43:10 ,Lunch Run,45.659611,-111.046807,1505.5, 12:51:55 
s rava.com iPhone,1.1, 12:43:10 ,Lunch Run,45.65957,-111.046799,1505.5, 12:51:58 
s rava.com iPhone,1.1, 12:43:10 ,Lunch Run,45.659531,-111.046802,1505.5, 12:52:00 
s rava.com iPhone,1.1, 12:43:10 ,Lunch Run,45.659498,-111.046805,1505.6, 12:52:02 
s rava.com iPhone,1.1, 12:43:10 ,Lunch Run,45.659465,-111.046808,1505.6, 12:52:04 
s rava.com iPhone,1.1, 12:43:10 ,Lunch Run,45.659424,-111.046809,1505.6, 12:52:07 
s rava.com iPhone,1.1, 12:43:10 ,Lunch Run,45.659391,-111.046807,1505.7, 12:52:09 
s rava.com iPhone,1.1, 12:43:10 ,Lunch Run,45.659358,-111.046807,1505.7, 12:52:11 
s rava.com iPhone,1.1, 12:43:10 ,Lunch Run,45.659317,-111.046807,1505.8, 12:52:14 
s rava.com iPhone,1.1, 12:43:10 ,Lunch Run,45.659286,-111.046807,1505.8, 12:52:16 
s rava.com iPhone,1.1, 12:43:10 ,Lunch Run,45.659258,-111.046805,1505.8, 12:52:18 
s rava.com iPhone,1.1, 12:43:10 ,Lunch Run,45.659231,-111.046802,1505.9, 12:52:20 
s rava.com iPhone,1.1, 12:43:10 ,Lunch Run,45.659204,-111.046798,1505.9, 12:52:22 
s rava.com iPhone,1.1, 12:43:10 ,Lunch Run,45.659173,-111.046792,1505.9, 12:52:24 
s rava.com iPhone,1.1, 12:43:10 ,Lunch Run,45.659145,-111.046791,1506, 12:52:26 
s rava.com iPhone,1.1, 12:43:10 ,Lunch Run,45.659106,-111.046794,1506, 12:52:29 
s rava.com iPhone,1.1, 12:43:10 ,Lunch Run,45.659065,-111.046798,1506, 12:52:32 
s rava.com iPhone,1.1, 12:43:10 ,Lunch Run,45.659035,-111.046806,1506.1, 12:52:34 
s rava.com iPhone,1.1, 12:43:10 ,Lunch Run,45.659006,-111.046813,1506.1, 12:52:36 
s rava.com iPhone,1.1, 12:43:10 ,Lunch Run,45.658968,-111.04682,1506.2, 12:52:39 
s rava.com iPhone,1.1, 12:43:10 ,Lunch Run,45.658935,-111.046825,1506.2, 12:52:41 
s rava.com iPhone,1.1, 12:43:10 ,Lunch Run,45.658896,-111.046828,1506.3, 12:52:44 
s rava.com iPhone,1.1, 12:43:10 ,Lunch Run,45.658858,-111.046844,1506.3, 12:52:47 
s rava.com iPhone,1.1, 12:43:10 ,Lunch Run,45.658827,-111.046843,1506.3, 12:52:49 
s rava.com iPhone,1.1, 12:43:10 ,Lunch Run,45.658795,-111.046842,1506.4, 12:52:51 
s rava.com iPhone,1.1, 12:43:10 ,Lunch Run,45.658766,-111.046841,1506.4, 12:52:53 
s rava.com iPhone,1.1, 12:43:10 ,Lunch Run,45.658739,-111.046834,1506.5, 12:52:55 
s rava.com iPhone,1.1, 12:43:10 ,Lunch Run,45.658706,-111.046831,1506.5, 12:52:58 
s rava.com iPhone,1.1, 12:43:10 ,Lunch Run,45.658676,-111.046831,1506.6, 12:52:59 
s rava.com iPhone,1.1, 12:43:10 ,Lunch Run,45.658638,-111.046825,1506.6, 12:53:02 
s rava.com iPhone,1.1, 12:43:10 ,Lunch Run,45.658605,-111.046818,1506.7, 12:53:04 
s rava.com iPhone,1.1, 12:43:10 ,Lunch Run,45.658574,-111.046817,1506.8, 12:53:06 
s rava.com iPhone,1.1, 12:43:10 ,Lunch Run,45.658536,-111.046818,1506.9, 12:53:09 
s rava.com iPhone,1.1, 12:43:10 ,Lunch Run,45.658506,-111.046821,1506.9, 12:53:11 
s rava.com iPhone,1.1, 12:43:10 ,Lunch Run,45.658479,-111.046817,1506.9, 12:53:13 
s rava.com iPhone,1.1, 12:43:10 ,Lunch Run,45.658443,-111.046811,1507, 12:53:16 
s rava.com iPhone,1.1, 12:43:10 ,Lunch Run,45.658404,-111.0468,1507.1, 12:53:19 
s rava.com iPhone,1.1, 12:43:10 ,Lunch Run,45.658376,-111.046797,1507.1, 12:53:21 
s rava.com iPhone,1.1, 12:43:10 ,Lunch Run,45.658342,-111.046803,1507.1, 12:53:23 
s rava.com iPhone,1.1, 12:43:10 ,Lunch Run,45.658311,-111.046811,1507.1, 12:53:25 
s rava.com iPhone,1.1, 12:43:10 ,Lunch Run,45.658281,-111.046812,1507.2, 12:53:27 
s rava.com iPhone,1.1, 12:43:10 ,Lunch Run,45.658252,-111.046808,1507.2, 12:53:29 
s rava.com iPhone,1.1, 12:43:10 ,Lunch Run,45.658214,-111.04681,1507.2, 12:53:32 
s rava.com iPhone,1.1, 12:43:10 ,Lunch Run,45.658187,-111.046814,1507.2, 12:53:34 
s rava.com iPhone,1.1, 12:43:10 ,Lunch Run,45.658157,-111.046814,1507.2, 12:53:36 
s rava.com iPhone,1.1, 12:43:10 ,Lunch Run,45.658127,-111.046813,1507.2, 12:53:38 
s rava.com iPhone,1.1, 12:43:10 ,Lunch Run,45.658098,-111.046815,1507.2, 12:53:40 
s rava.com iPhone,1.1, 12:43:10 ,Lunch Run,45.658068,-111.046814,1507.3, 12:53:42 
s rava.com iPhone,1.1, 12:43:10 ,Lunch Run,45.658038,-111.046814,1507.3, 12:53:44 
s rava.com iPhone,1.1, 12:43:10 ,Lunch Run,45.65801,-111.046814,1507.3, 12:53:46 
s rava.com iPhone,1.1, 12:43:10 ,Lunch Run,45.657975,-111.046807,1507.3, 12:53:49 
s rava.com iPhone,1.1, 12:43:10 ,Lunch Run,45.657942,-111.046806,1507.3, 12:53:53 
s rava.com iPhone,1.1, 12:43:10 ,Lunch Run,45.657906,-111.04681,1507.4, 12:53:55 
s rava.com iPhone,1.1, 12:43:10 ,Lunch Run,45.657876,-111.046809,1507.4, 12:53:57 
s rava.com iPhone,1.1, 12:43:10 ,Lunch Run,45.657836,-111.046808,1507.3, 12:54:00 
s rava.com iPhone,1.1, 12:43:10 ,Lunch Run,45.657807,-111.046807,1507.3, 12:54:02 
s rava.com iPhone,1.1, 12:43:10 ,Lunch Run,45.657777,-111.046811,1507.4, 12:54:04 
s rava.com iPhone,1.1, 12:43:10 ,Lunch Run,45.657741,-111.046812,1507.4, 12:54:07 
s rava.com iPhone,1.1, 12:43:10 ,Lunch Run,45.657704,-111.04681,1507.3, 12:54:10 
s rava.com iPhone,1.1, 12:43:10 ,Lunch Run,45.657675,-111.046808,1507.3, 12:54:12 
s rava.com iPhone,1.1, 12:43:10 ,Lunch Run,45.657635,-111.046801,1507.3, 12:54:15 
s rava.com iPhone,1.1, 12:43:10 ,Lunch Run,45.657598,-111.046795,1507.3, 12:54:19 
s rava.com iPhone,1.1, 12:43:10 ,Lunch Run,45.65756,-111.046787,1507.2, 12:54:21 
s rava.com iPhone,1.1, 12:43:10 ,Lunch Run,45.657522,-111.04678,1507.2, 12:54:24 
s rava.com iPhone,1.1, 12:43:10 ,Lunch Run,45.657485,-111.046792,1507.1, 12:54:27 
s rava.com iPhone,1.1, 12:43:10 ,Lunch Run,45.657456,-111.046801,1507.1, 12:54:31 
s rava.com iPhone,1.1, 12:43:10 ,Lunch Run,45.657428,-111.046805,1507.1, 12:54:34 
s rava.com iPhone,1.1, 12:43:10 ,Lunch Run,45.657395,-111.046806,1507, 12:54:38 
s rava.com iPhone,1.1, 12:43:10 ,Lunch Run,45.657363,-111.046805,1506.9, 12:54:39 
s rava.com iPhone,1.1, 12:43:10 ,Lunch Run,45.657327,-111.046789,1506.8, 12:54:43 
s rava.com iPhone,1.1, 12:43:10 ,Lunch Run,45.657297,-111.046791,1506.7, 12:54:45 
s rava.com iPhone,1.1, 12:43:10 ,Lunch Run,45.657266,-111.046791,1506.6, 12:54:47 
s rava.com iPhone,1.1, 12:43:10 ,Lunch Run,45.657231,-111.046793,1506.5, 12:54:49 
s rava.com iPhone,1.1, 12:43:10 ,Lunch Run,45.657199,-111.046791,1506.3, 12:54:51 
s rava.com iPhone,1.1, 12:43:10 ,Lunch Run,45.657164,-111.046791,1506.2, 12:54:53 
s rava.com iPhone,1.1, 12:43:10 ,Lunch Run,45.657125,-111.046797,1506.1, 12:54:55 
s rava.com iPhone,1.1, 12:43:10 ,Lunch Run,45.657089,-111.046806,1506.1, 12:54:57 
s rava.com iPhone,1.1, 12:43:10 ,Lunch Run,45.657057,-111.046809,1506, 12:55:00 
s rava.com iPhone,1.1, 12:43:10 ,Lunch Run,45.65702,-111.046803,1505.9, 12:55:03 
s rava.com iPhone,1.1, 12:43:10 ,Lunch Run,45.656984,-111.046789,1505.9, 12:55:06 
s rava.com iPhone,1.1, 12:43:10 ,Lunch Run,45.656953,-111.046789,1505.9, 12:55:13 
s rava.com iPhone,1.1, 12:43:10 ,Lunch Run,45.656963,-111.046746,1505.8, 12:55:16 
s rava.com iPhone,1.1, 12:43:10 ,Lunch Run,45.656986,-111.046712,1505.8, 12:55:19 
s rava.com iPhone,1.1, 12:43:10 ,Lunch Run,45.657011,-111.046692,1505.7, 12:55:21 
s rava.com iPhone,1.1, 12:43:10 ,Lunch Run,45.657041,-111.046682,1505.8, 12:55:23 
s rava.com iPhone,1.1, 12:43:10 ,Lunch Run,45.657071,-111.046693,1505.8, 12:55:27 
s rava.com iPhone,1.1, 12:43:10 ,Lunch Run,45.657102,-111.046704,1505.9, 12:55:29 
s rava.com iPhone,1.1, 12:43:10 ,Lunch Run,45.657131,-111.046715,1506, 12:55:31 
s rava.com iPhone,1.1, 12:43:10 ,Lunch Run,45.657158,-111.046716,1506, 12:55:33 
s rava.com iPhone,1.1, 12:43:10 ,Lunch Run,45.657199,-111.046708,1506.2, 12:55:36 
s rava.com iPhone,1.1, 12:43:10 ,Lunch Run,45.657229,-111.046711,1506.3, 12:55:38 
s rava.com iPhone,1.1, 12:43:10 ,Lunch Run,45.657268,-111.046709,1506.5, 12:55:40 
s rava.com iPhone,1.1, 12:43:10 ,Lunch Run,45.657299,-111.046704,1506.7, 12:55:42 
s rava.com iPhone,1.1, 12:43:10 ,Lunch Run,45.657327,-111.046697,1506.7, 12:55:44 
s rava.com iPhone,1.1, 12:43:10 ,Lunch Run,45.657358,-111.046702,1506.9, 12:55:46 
s rava.com iPhone,1.1, 12:43:10 ,Lunch Run,45.657388,-111.046707,1506.9, 12:55:48 
s rava.com iPhone,1.1, 12:43:10 ,Lunch Run,45.657417,-111.046707,1506.9, 12:55:50 
s rava.com iPhone,1.1, 12:43:10 ,Lunch Run,45.657454,-111.046698,1506.9, 12:55:53 
s rava.com iPhone,1.1, 12:43:10 ,Lunch Run,45.65749,-111.046696,1507, 12:55:56 
s rava.com iPhone,1.1, 12:43:10 ,Lunch Run,45.657523,-111.046704,1507, 12:55:59 
s rava.com iPhone,1.1, 12:43:10 ,Lunch Run,45.657556,-111.046713,1507.1, 12:56:02 
s rava.com iPhone,1.1, 12:43:10 ,Lunch Run,45.657583,-111.046717,1507.1, 12:56:04 
s rava.com iPhone,1.1, 12:43:10 ,Lunch Run,45.657612,-111.04672,1507.2, 12:56:06 
s rava.com iPhone,1.1, 12:43:10 ,Lunch Run,45.657644,-111.046727,1507.2, 12:56:08 
s rava.com iPhone,1.1, 12:43:10 ,Lunch Run,45.657675,-111.046729,1507.2, 12:56:10 
s rava.com iPhone,1.1, 12:43:10 ,Lunch Run,45.657704,-111.04673,1507.3, 12:56:12 
s rava.com iPhone,1.1, 12:43:10 ,Lunch Run,45.657741,-111.046727,1507.3, 12:56:15 
s rava.com iPhone,1.1, 12:43:10 ,Lunch Run,45.657777,-111.046727,1507.3, 12:56:18 
s rava.com iPhone,1.1, 12:43:10 ,Lunch Run,45.65781,-111.04673,1507.3, 12:56:21 
s rava.com iPhone,1.1, 12:43:10 ,Lunch Run,45.657838,-111.04674,1507.3, 12:56:23 
s rava.com iPhone,1.1, 12:43:10 ,Lunch Run,45.657863,-111.046753,1507.3, 12:56:25 
s rava.com iPhone,1.1, 12:43:10 ,Lunch Run,45.65789,-111.046763,1507.3, 12:56:27 
s rava.com iPhone,1.1, 12:43:10 ,Lunch Run,45.657918,-111.046766,1507.3, 12:56:29 
s rava.com iPhone,1.1, 12:43:10 ,Lunch Run,45.657957,-111.046751,1507.3, 12:56:32 
s rava.com iPhone,1.1, 12:43:10 ,Lunch Run,45.657989,-111.046745,1507.3, 12:56:34 
s rava.com iPhone,1.1, 12:43:10 ,Lunch Run,45.65802,-111.046742,1507.3, 12:56:36 
s rava.com iPhone,1.1, 12:43:10 ,Lunch Run,45.658053,-111.046739,1507.2, 12:56:39 
s rava.com iPhone,1.1, 12:43:10 ,Lunch Run,45.658085,-111.046733,1507.2, 12:56:43 
s rava.com iPhone,1.1, 12:43:10 ,Lunch Run,45.658108,-111.046702,1507.1, 12:56:46 
s rava.com iPhone,1.1, 12:43:10 ,Lunch Run,45.658134,-111.046678,1507.1, 12:59:03 
s rava.com iPhone,1.1, 12:43:10 ,Lunch Run,45.658162,-111.046672,1507.1, 12:59:45 
s rava.com iPhone,1.1, 12:43:10 ,Lunch Run,45.658193,-111.046662,1507, 13:03:42 
s rava.com iPhone,1.1, 12:43:10 ,Lunch Run,45.658221,-111.046664,1507, 13:03:45 
s rava.com iPhone,1.1, 12:43:10 ,Lunch Run,45.658255,-111.046662,1507, 13:03:48 
s rava.com iPhone,1.1, 12:43:10 ,Lunch Run,45.658291,-111.046666,1507, 13:03:51 
s rava.com iPhone,1.1, 12:43:10 ,Lunch Run,45.658322,-111.046672,1507, 13:03:54 
s rava.com iPhone,1.1, 12:43:10 ,Lunch Run,45.658359,-111.046672,1507, 13:03:57 
s rava.com iPhone,1.1, 12:43:10 ,Lunch Run,45.658388,-111.046674,1507, 13:04:00 
s rava.com iPhone,1.1, 12:43:10 ,Lunch Run,45.658427,-111.046676,1507, 13:04:47 
s rava.com iPhone,1.1, 12:43:10 ,Lunch Run,45.658457,-111.046672,1506.9, 13:04:49 
s rava.com iPhone,1.1, 12:43:10 ,Lunch Run,45.658495,-111.046666,1506.9, 13:04:52 
s rava.com iPhone,1.1, 12:43:10 ,Lunch Run,45.658534,-111.046669,1506.8, 13:04:55 
s rava.com iPhone,1.1, 12:43:10 ,Lunch Run,45.658565,-111.046671,1506.8, 13:04:57 
s rava.com iPhone,1.1, 12:43:10 ,Lunch Run,45.658593,-111.046674,1506.7, 13:04:59 
s rava.com iPhone,1.1, 12:43:10 ,Lunch Run,45.658631,-111.04668,1506.6, 13:05:02 
s rava.com iPhone,1.1, 12:43:10 ,Lunch Run,45.65866,-111.046685,1506.5, 13:05:04 
s rava.com iPhone,1.1, 12:43:10 ,Lunch Run,45.658687,-111.046687,1506.4, 13:05:06 
s rava.com iPhone,1.1, 12:43:10 ,Lunch Run,45.658726,-111.046685,1506.4, 13:05:09 
s rava.com iPhone,1.1, 12:43:10 ,Lunch Run,45.658756,-111.046683,1506.3, 13:05:11 
s rava.com iPhone,1.1, 12:43:10 ,Lunch Run,45.658786,-111.046682,1506.3, 13:05:13 
s rava.com iPhone,1.1, 12:43:10 ,Lunch Run,45.658814,-111.04668,1506.2, 13:05:15 
s rava.com iPhone,1.1, 12:43:10 ,Lunch Run,45.658841,-111.04668,1506.2, 13:05:17 
s rava.com iPhone,1.1, 12:43:10 ,Lunch Run,45.658872,-111.046682,1506.2, 13:05:19 
s rava.com iPhone,1.1, 12:43:10 ,Lunch Run,45.6589,-111.046681,1506.1, 13:05:21 
s rava.com iPhone,1.1, 12:43:10 ,Lunch Run,45.658929,-111.046677,1506.1, 13:05:23 
s rava.com iPhone,1.1, 12:43:10 ,Lunch Run,45.658956,-111.046671,1506.1, 13:05:25 
s rava.com iPhone,1.1, 12:43:10 ,Lunch Run,45.658986,-111.046663,1506, 13:05:27 
s rava.com iPhone,1.1, 12:43:10 ,Lunch Run,45.659017,-111.046656,1506, 13:05:29 
s rava.com iPhone,1.1, 12:43:10 ,Lunch Run,45.659046,-111.046652,1506, 13:05:31 
s rava.com iPhone,1.1, 12:43:10 ,Lunch Run,45.659076,-111.04665,1505.9, 13:05:33 
s rava.com iPhone,1.1, 12:43:10 ,Lunch Run,45.659105,-111.046651,1505.9, 13:05:35 
s rava.com iPhone,1.1, 12:43:10 ,Lunch Run,45.659138,-111.046653,1505.9, 13:05:37 
s rava.com iPhone,1.1, 12:43:10 ,Lunch Run,45.659167,-111.046656,1505.8, 13:05:39 
s rava.com iPhone,1.1, 12:43:10 ,Lunch Run,45.659195,-111.046656,1505.8, 13:05:41 
s rava.com iPhone,1.1, 12:43:10 ,Lunch Run,45.659222,-111.046651,1505.8, 13:05:43 
s rava.com iPhone,1.1, 12:43:10 ,Lunch Run,45.659256,-111.046647,1505.7, 13:05:45 
s rava.com iPhone,1.1, 12:43:10 ,Lunch Run,45.659288,-111.046647,1505.7, 13:05:47 
s rava.com iPhone,1.1, 12:43:10 ,Lunch Run,45.659319,-111.046648,1505.7, 13:05:49 
s rava.com iPhone,1.1, 12:43:10 ,Lunch Run,45.659347,-111.046647,1505.6, 13:05:51 
s rava.com iPhone,1.1, 12:43:10 ,Lunch Run,45.659378,-111.046641,1505.6, 13:05:54 
s rava.com iPhone,1.1, 12:43:10 ,Lunch Run,45.659418,-111.046632,1505.5, 13:05:56 
s rava.com iPhone,1.1, 12:43:10 ,Lunch Run,45.659442,-111.046629,1505.5, 13:05:58 
s rava.com iPhone,1.1, 12:43:10 ,Lunch Run,45.659471,-111.046626,1505.5, 13:06:00 
s rava.com iPhone,1.1, 12:43:10 ,Lunch Run,45.659499,-111.046624,1505.4, 13:06:02 
s rava.com iPhone,1.1, 12:43:10 ,Lunch Run,45.659539,-111.04662,1505.4, 13:06:05 
s rava.com iPhone,1.1, 12:43:10 ,Lunch Run,45.659572,-111.046619,1505.3, 13:06:07 
s rava.com iPhone,1.1, 12:43:10 ,Lunch Run,45.6596,-111.046618,1505.3, 13:06:09 
s rava.com iPhone,1.1, 12:43:10 ,Lunch Run,45.659632,-111.04662,1505.3, 13:06:12 
s rava.com iPhone,1.1, 12:43:10 ,Lunch Run,45.659664,-111.046623,1505.2, 13:06:31 
s rava.com iPhone,1.1, 12:43:10 ,Lunch Run,45.659694,-111.046626,1505.2, 13:06:33 
s rava.com iPhone,1.1, 12:43:10 ,Lunch Run,45.659735,-111.046623,1505.2, 13:06:36 
s rava.com iPhone,1.1, 12:43:10 ,Lunch Run,45.659771,-111.046621,1505.2, 13:06:39 
s rava.com iPhone,1.1, 12:43:10 ,Lunch Run,45.659804,-111.046625,1505.2, 13:06:42 
s rava.com iPhone,1.1, 12:43:10 ,Lunch Run,45.65984,-111.046632,1505.2, 13:06:46 
s rava.com iPhone,1.1, 12:43:10 ,Lunch Run,45.65988,-111.046636,1505.2, 13:06:49 
s rava.com iPhone,1.1, 12:43:10 ,Lunch Run,45.659907,-111.046639,1505.2, 13:06:51 
s rava.com iPhone,1.1, 12:43:10 ,Lunch Run,45.659939,-111.046647,1505.2, 13:06:53 
s rava.com iPhone,1.1, 12:43:10 ,Lunch Run,45.659971,-111.04666,1505.2, 13:06:55 
s rava.com iPhone,1.1, 12:43:10 ,Lunch Run,45.660002,-111.046675,1505.2, 13:06:57 
s rava.com iPhone,1.1, 12:43:10 ,Lunch Run,45.660034,-111.046681,1505.2, 13:07:00 
s rava.com iPhone,1.1, 12:43:10 ,Lunch Run,45.66007,-111.0467,1505.2, 13:07:03 
s rava.com iPhone,1.1, 12:43:10 ,Lunch Run,45.660094,-111.04672,1505.2, 13:07:05 
s rava.com iPhone,1.1, 12:43:10 ,Lunch Run,45.660129,-111.046736,1505.2, 13:07:08 
s rava.com iPhone,1.1, 12:43:10 ,Lunch Run,45.660167,-111.046754,1505.2, 13:07:11 
s rava.com iPhone,1.1, 12:43:10 ,Lunch Run,45.660194,-111.046768,1505.1, 13:07:13 
s rava.com iPhone,1.1, 12:43:10 ,Lunch Run,45.660229,-111.046749,1505.1, 13:07:15 
s rava.com iPhone,1.1, 12:43:10 ,Lunch Run,45.66026,-111.046729,1505.1, 13:07:17 
s rava.com iPhone,1.1, 12:43:10 ,Lunch Run,45.660302,-111.046716,1505, 13:07:20 
s rava.com iPhone,1.1, 12:43:10 ,Lunch Run,45.660339,-111.046718,1505, 13:07:22 
s rava.com iPhone,1.1, 12:43:10 ,Lunch Run,45.660373,-111.046719,1504.9, 13:07:24 
s rava.com iPhone,1.1, 12:43:10 ,Lunch Run,45.660404,-111.046713,1504.9, 13:07:26 
s rava.com iPhone,1.1, 12:43:10 ,Lunch Run,45.660433,-111.046706,1504.9, 13:07:28 
s rava.com iPhone,1.1, 12:43:10 ,Lunch Run,45.660461,-111.046704,1504.9, 13:07:30 
s rava.com iPhone,1.1, 12:43:10 ,Lunch Run,45.66049,-111.046698,1504.9, 13:07:32 
s rava.com iPhone,1.1, 12:43:10 ,Lunch Run,45.66052,-111.046691,1504.9, 13:07:34 
s rava.com iPhone,1.1, 12:43:10 ,Lunch Run,45.660548,-111.046681,1504.8, 13:07:36 
s rava.com iPhone,1.1, 12:43:10 ,Lunch Run,45.660583,-111.046665,1504.8, 13:07:39 
s rava.com iPhone,1.1, 12:43:10 ,Lunch Run,45.660613,-111.046651,1504.8, 13:07:42 
s rava.com iPhone,1.1, 12:43:10 ,Lunch Run,45.660649,-111.046656,1504.7, 13:07:45 
s rava.com iPhone,1.1, 12:43:10 ,Lunch Run,45.660678,-111.046646,1504.7, 13:07:49 
s rava.com iPhone,1.1, 12:43:10 ,Lunch Run,45.660674,-111.046689,1504.7, 13:07:58 
s rava.com iPhone,1.1, 12:43:10 ,Lunch Run,45.660695,-111.046663,1504.7, 13:08:14 
s rava.com iPhone,1.1, 12:43:10 ,Lunch Run,45.660731,-111.046657,1504.7, 13:08:17 
s rava.com iPhone,1.1, 12:43:10 ,Lunch Run,45.660766,-111.04666,1504.6, 13:08:20 
s rava.com iPhone,1.1, 12:43:10 ,Lunch Run,45.6608,-111.046661,1504.6, 13:08:23 
s rava.com iPhone,1.1, 12:43:10 ,Lunch Run,45.660832,-111.04665,1504.6, 13:08:26 
s rava.com iPhone,1.1, 12:43:10 ,Lunch Run,45.660864,-111.046642,1504.5, 13:08:28 
s rava.com iPhone,1.1, 12:43:10 ,Lunch Run,45.660892,-111.046643,1504.5, 13:08:30 
s rava.com iPhone,1.1, 12:43:10 ,Lunch Run,45.660919,-111.046653,1504.5, 13:08:32 
s rava.com iPhone,1.1, 12:43:10 ,Lunch Run,45.66095,-111.046664,1504.5, 13:08:34 
s rava.com iPhone,1.1, 12:43:10 ,Lunch Run,45.660978,-111.046667,1504.5, 13:08:36 
s rava.com iPhone,1.1, 12:43:10 ,Lunch Run,45.661008,-111.046662,1504.4, 13:08:39 
s rava.com iPhone,1.1, 12:43:10 ,Lunch Run,45.661047,-111.046659,1504.4, 13:08:42 
s rava.com iPhone,1.1, 12:43:10 ,Lunch Run,45.661079,-111.046664,1504.4, 13:08:44 
s rava.com iPhone,1.1, 12:43:10 ,Lunch Run,45.661106,-111.046667,1504.4, 13:08:46 
s rava.com iPhone,1.1, 12:43:10 ,Lunch Run,45.661136,-111.046662,1504.3, 13:08:48 
s rava.com iPhone,1.1, 12:43:10 ,Lunch Run,45.661165,-111.046663,1504.3, 13:08:50 
s rava.com iPhone,1.1, 12:43:10 ,Lunch Run,45.661194,-111.046661,1504.3, 13:08:52 
s rava.com iPhone,1.1, 12:43:10 ,Lunch Run,45.661223,-111.046659,1504.3, 13:08:54 
s rava.com iPhone,1.1, 12:43:10 ,Lunch Run,45.661257,-111.046655,1504.3, 13:08:56 
s rava.com iPhone,1.1, 12:43:10 ,Lunch Run,45.661287,-111.046647,1504.2, 13:08:58 
s rava.com iPhone,1.1, 12:43:10 ,Lunch Run,45.661313,-111.046637,1504.2, 13:09:00 
s rava.com iPhone,1.1, 12:43:10 ,Lunch Run,45.661342,-111.04663,1504.2, 13:09:02 
s rava.com iPhone,1.1, 12:43:10 ,Lunch Run,45.661373,-111.046622,1504.1, 13:09:04 
s rava.com iPhone,1.1, 12:43:10 ,Lunch Run,45.661403,-111.046615,1504.1, 13:09:06 
s rava.com iPhone,1.1, 12:43:10 ,Lunch Run,45.661432,-111.046605,1504, 13:09:08 
s rava.com iPhone,1.1, 12:43:10 ,Lunch Run,45.661464,-111.046596,1504, 13:09:10 
s rava.com iPhone,1.1, 12:43:10 ,Lunch Run,45.661495,-111.046587,1503.9, 13:09:12 
s rava.com iPhone,1.1, 12:43:10 ,Lunch Run,45.661524,-111.04658,1503.8, 13:09:14 
s rava.com iPhone,1.1, 12:43:10 ,Lunch Run,45.661565,-111.046579,1503.8, 13:09:17 
s rava.com iPhone,1.1, 12:43:10 ,Lunch Run,45.661593,-111.046581,1503.7, 13:09:19 
s rava.com iPhone,1.1, 12:43:10 ,Lunch Run,45.661621,-111.046587,1503.7, 13:09:21 
s rava.com iPhone,1.1, 12:43:10 ,Lunch Run,45.66166,-111.04659,1503.6, 13:09:24 
s rava.com iPhone,1.1, 12:43:10 ,Lunch Run,45.661695,-111.046593,1503.6, 13:09:27 
s rava.com iPhone,1.1, 12:43:10 ,Lunch Run,45.661725,-111.046593,1503.5, 13:09:30 
s rava.com iPhone,1.1, 12:43:10 ,Lunch Run,45.661755,-111.046585,1503.5, 13:09:33 
s rava.com iPhone,1.1, 12:43:10 ,Lunch Run,45.661785,-111.046562,1503.5, 13:09:52 
s rava.com iPhone,1.1, 12:43:10 ,Lunch Run,45.661812,-111.046577,1503.5, 13:09:54 
s rava.com iPhone,1.1, 12:43:10 ,Lunch Run,45.661844,-111.046583,1503.5, 13:09:56 
s rava.com iPhone,1.1, 12:43:10 ,Lunch Run,45.661872,-111.046588,1503.4, 13:09:58 
s rava.com iPhone,1.1, 12:43:10 ,Lunch Run,45.661901,-111.04659,1503.4, 13:10:00 
s rava.com iPhone,1.1, 12:43:10 ,Lunch Run,45.66193,-111.046594,1503.4, 13:10:02 
s rava.com iPhone,1.1, 12:43:10 ,Lunch Run,45.661957,-111.046599,1503.4, 13:10:04 
s rava.com iPhone,1.1, 12:43:10 ,Lunch Run,45.661995,-111.046592,1503.3, 13:10:07 
s rava.com iPhone,1.1, 12:43:10 ,Lunch Run,45.662025,-111.04659,1503.3, 13:10:09 
s rava.com iPhone,1.1, 12:43:10 ,Lunch Run,45.662054,-111.046588,1503.3, 13:10:11 
s rava.com iPhone,1.1, 12:43:10 ,Lunch Run,45.662083,-111.046588,1503.2, 13:10:13 
s rava.com iPhone,1.1, 12:43:10 ,Lunch Run,45.662111,-111.046582,1503.2, 13:10:15 
s rava.com iPhone,1.1, 12:43:10 ,Lunch Run,45.662141,-111.046574,1503.2, 13:10:17 
s rava.com iPhone,1.1, 12:43:10 ,Lunch Run,45.662168,-111.046567,1503.1, 13:10:19 
s rava.com iPhone,1.1, 12:43:10 ,Lunch Run,45.662208,-111.046561,1503.1, 13:10:22 
s rava.com iPhone,1.1, 12:43:10 ,Lunch Run,45.662239,-111.046566,1503.1, 13:10:24 
s rava.com iPhone,1.1, 12:43:10 ,Lunch Run,45.662267,-111.046569,1503, 13:10:26 
s rava.com iPhone,1.1, 12:43:10 ,Lunch Run,45.662307,-111.046568,1503, 13:10:29 
s rava.com iPhone,1.1, 12:43:10 ,Lunch Run,45.662336,-111.046569,1503, 13:10:31 
s rava.com iPhone,1.1, 12:43:10 ,Lunch Run,45.662368,-111.046571,1502.9, 13:10:33 
s rava.com iPhone,1.1, 12:43:10 ,Lunch Run,45.662396,-111.046574,1502.9, 13:10:35 
s rava.com iPhone,1.1, 12:43:10 ,Lunch Run,45.662435,-111.04657,1502.9, 13:10:38 
s rava.com iPhone,1.1, 12:43:10 ,Lunch Run,45.662462,-111.046568,1502.8, 13:10:40 
s rava.com iPhone,1.1, 12:43:10 ,Lunch Run,45.66249,-111.046565,1502.8, 13:10:42 
s rava.com iPhone,1.1, 12:43:10 ,Lunch Run,45.662527,-111.046555,1502.8, 13:10:45 
s rava.com iPhone,1.1, 12:43:10 ,Lunch Run,45.662554,-111.046559,1502.7, 13:10:47 
s rava.com iPhone,1.1, 12:43:10 ,Lunch Run,45.662585,-111.04657,1502.7, 13:10:49 
s rava.com iPhone,1.1, 12:43:10 ,Lunch Run,45.662613,-111.046578,1502.7, 13:10:51 
s rava.com iPhone,1.1, 12:43:10 ,Lunch Run,45.662639,-111.046587,1502.6, 13:10:53 
s rava.com iPhone,1.1, 12:43:10 ,Lunch Run,45.662667,-111.046596,1502.6, 13:10:55 
s rava.com iPhone,1.1, 12:43:10 ,Lunch Run,45.662708,-111.046595,1502.6, 13:10:58 
s rava.com iPhone,1.1, 12:43:10 ,Lunch Run,45.662737,-111.046591,1502.5, 13:11:00 
s rava.com iPhone,1.1, 12:43:10 ,Lunch Run,45.662764,-111.046586,1502.5, 13:11:02 
s rava.com iPhone,1.1, 12:43:10 ,Lunch Run,45.662803,-111.046583,1502.5, 13:11:05 
s rava.com iPhone,1.1, 12:43:10 ,Lunch Run,45.662839,-111.046581,1502.4, 13:11:08 
s rava.com iPhone,1.1, 12:43:10 ,Lunch Run,45.662878,-111.046582,1502.4, 13:11:11 
s rava.com iPhone,1.1, 12:43:10 ,Lunch Run,45.662905,-111.046588,1502.3, 13:11:13 
s rava.com iPhone,1.1, 12:43:10 ,Lunch Run,45.662933,-111.04659,1502.3, 13:11:15 
s rava.com iPhone,1.1, 12:43:10 ,Lunch Run,45.662963,-111.046591,1502.3, 13:11:17 
s rava.com iPhone,1.1, 12:43:10 ,Lunch Run,45.662991,-111.046589,1502.2, 13:11:19 
s rava.com iPhone,1.1, 12:43:10 ,Lunch Run,45.663022,-111.046587,1502.2, 13:11:21 
s rava.com iPhone,1.1, 12:43:10 ,Lunch Run,45.663059,-111.046571,1502.2, 13:11:24 
s rava.com iPhone,1.1, 12:43:10 ,Lunch Run,45.663099,-111.046561,1502.1, 13:11:27 
s rava.com iPhone,1.1, 12:43:10 ,Lunch Run,45.663132,-111.046564,1502, 13:11:29 
s rava.com iPhone,1.1, 12:43:10 ,Lunch Run,45.663161,-111.046562,1502, 13:11:31 
s rava.com iPhone,1.1, 12:43:10 ,Lunch Run,45.663202,-111.046561,1501.9, 13:11:34 
s rava.com iPhone,1.1, 12:43:10 ,Lunch Run,45.663238,-111.046564,1501.9, 13:11:38 
s rava.com iPhone,1.1, 12:43:10 ,Lunch Run,45.663283,-111.046567,1501.8, 13:11:51 
s rava.com iPhone,1.1, 12:43:10 ,Lunch Run,45.663317,-111.046582,1501.8, 13:11:54 
s rava.com iPhone,1.1, 12:43:10 ,Lunch Run,45.663357,-111.046582,1501.7, 13:11:57 
s rava.com iPhone,1.1, 12:43:10 ,Lunch Run,45.663386,-111.046584,1501.7, 13:11:59 
s rava.com iPhone,1.1, 12:43:10 ,Lunch Run,45.663413,-111.046585,1501.7, 13:12:01 
s rava.com iPhone,1.1, 12:43:10 ,Lunch Run,45.66345,-111.046581,1501.6, 13:12:04 
s rava.com iPhone,1.1, 12:43:10 ,Lunch Run,45.663478,-111.046578,1501.6, 13:12:06 
s rava.com iPhone,1.1, 12:43:10 ,Lunch Run,45.663505,-111.046578,1501.6, 13:12:08 
s rava.com iPhone,1.1, 12:43:10 ,Lunch Run,45.663533,-111.046574,1501.5, 13:12:10 
s rava.com iPhone,1.1, 12:43:10 ,Lunch Run,45.663573,-111.046569,1501.5, 13:12:13 
s rava.com iPhone,1.1, 12:43:10 ,Lunch Run,45.663604,-111.04657,1501.5, 13:12:15 
s rava.com iPhone,1.1, 12:43:10 ,Lunch Run,45.663634,-111.046574,1501.4, 13:12:17 
s rava.com iPhone,1.1, 12:43:10 ,Lunch Run,45.66367,-111.046568,1501.4, 13:12:20 
s rava.com iPhone,1.1, 12:43:10 ,Lunch Run,45.663697,-111.04656,1501.3, 13:12:22 
s rava.com iPhone,1.1, 12:43:10 ,Lunch Run,45.663726,-111.046559,1501.3, 13:12:24 
s rava.com iPhone,1.1, 12:43:10 ,Lunch Run,45.663754,-111.046552,1501.2, 13:12:26 
s rava.com iPhone,1.1, 12:43:10 ,Lunch Run,45.663791,-111.046541,1501.2, 13:12:30 
s rava.com iPhone,1.1, 12:43:10 ,Lunch Run,45.663821,-111.046534,1501.1, 13:12:31 
s rava.com iPhone,1.1, 12:43:10 ,Lunch Run,45.66385,-111.046537,1501.1, 13:12:33 
s rava.com iPhone,1.1, 12:43:10 ,Lunch Run,45.663879,-111.046536,1501, 13:12:35 
s rava.com iPhone,1.1, 12:43:10 ,Lunch Run,45.66392,-111.046534,1501, 13:12:38 
s rava.com iPhone,1.1, 12:43:10 ,Lunch Run,45.663949,-111.046537,1501, 13:12:40 
s rava.com iPhone,1.1, 12:43:10 ,Lunch Run,45.663977,-111.046543,1500.9, 13:12:42 
s rava.com iPhone,1.1, 12:43:10 ,Lunch Run,45.664016,-111.046542,1500.9, 13:12:45 
s rava.com iPhone,1.1, 12:43:10 ,Lunch Run,45.664049,-111.046539,1500.9, 13:12:47 
s rava.com iPhone,1.1, 12:43:10 ,Lunch Run,45.664079,-111.04654,1500.8, 13:12:49 
s rava.com iPhone,1.1, 12:43:10 ,Lunch Run,45.664108,-111.046542,1500.8, 13:12:51 
s rava.com iPhone,1.1, 12:43:10 ,Lunch Run,45.664135,-111.046546,1500.8, 13:12:53 
s rava.com iPhone,1.1, 12:43:10 ,Lunch Run,45.664165,-111.046545,1500.7, 13:12:55 
s rava.com iPhone,1.1, 12:43:10 ,Lunch Run,45.664196,-111.046547,1500.7, 13:12:57 
s rava.com iPhone,1.1, 12:43:10 ,Lunch Run,45.664227,-111.046553,1500.6, 13:12:59 
s rava.com iPhone,1.1, 12:43:10 ,Lunch Run,45.664255,-111.046554,1500.6, 13:13:01 
s rava.com iPhone,1.1, 12:43:10 ,Lunch Run,45.664288,-111.046561,1500.5, 13:13:03 
s rava.com iPhone,1.1, 12:43:10 ,Lunch Run,45.664318,-111.046572,1500.4, 13:13:05 
s rava.com iPhone,1.1, 12:43:10 ,Lunch Run,45.664346,-111.046577,1500.4, 13:13:07 
s rava.com iPhone,1.1, 12:43:10 ,Lunch Run,45.664384,-111.046584,1500.3, 13:13:10 
s rava.com iPhone,1.1, 12:43:10 ,Lunch Run,45.664414,-111.046591,1500.3, 13:13:12 
s rava.com iPhone,1.1, 12:43:10 ,Lunch Run,45.664443,-111.046596,1500.3, 13:13:14 
s rava.com iPhone,1.1, 12:43:10 ,Lunch Run,45.664473,-111.046595,1500.2, 13:13:16 
s rava.com iPhone,1.1, 12:43:10 ,Lunch Run,45.664502,-111.046591,1500.1, 13:13:18 
s rava.com iPhone,1.1, 12:43:10 ,Lunch Run,45.664536,-111.04659,1500.1, 13:13:20 
s rava.com iPhone,1.1, 12:43:10 ,Lunch Run,45.664568,-111.04659,1500.1, 13:13:22 
s rava.com iPhone,1.1, 12:43:10 ,Lunch Run,45.664596,-111.046592,1500, 13:13:24 
s rava.com iPhone,1.1, 12:43:10 ,Lunch Run,45.664624,-111.046593,1500, 13:13:26 
s rava.com iPhone,1.1, 12:43:10 ,Lunch Run,45.664658,-111.046592,1499.9, 13:13:28 
s rava.com iPhone,1.1, 12:43:10 ,Lunch Run,45.664687,-111.046593,1499.8, 13:13:30 
s rava.com iPhone,1.1, 12:43:10 ,Lunch Run,45.664715,-111.046593,1499.8, 13:13:32 
s rava.com iPhone,1.1, 12:43:10 ,Lunch Run,45.664754,-111.046589,1499.8, 13:13:35 
s rava.com iPhone,1.1, 12:43:10 ,Lunch Run,45.664781,-111.046587,1499.7, 13:13:37 
s rava.com iPhone,1.1, 12:43:10 ,Lunch Run,45.664817,-111.046586,1499.7, 13:13:40 
s rava.com iPhone,1.1, 12:43:10 ,Lunch Run,45.664854,-111.046578,1499.7, 13:13:43 
s rava.com iPhone,1.1, 12:43:10 ,Lunch Run,45.664883,-111.046575,1499.6, 13:13:45 
s rava.com iPhone,1.1, 12:43:10 ,Lunch Run,45.664921,-111.046569,1499.6, 13:13:48 
s rava.com iPhone,1.1, 12:43:10 ,Lunch Run,45.664956,-111.046563,1499.6, 13:13:51 
s rava.com iPhone,1.1, 12:43:10 ,Lunch Run,45.664985,-111.046562,1499.5, 13:13:53 
s rava.com iPhone,1.1, 12:43:10 ,Lunch Run,45.665013,-111.046561,1499.5, 13:13:55 
s rava.com iPhone,1.1, 12:43:10 ,Lunch Run,45.665051,-111.046562,1499.4, 13:13:58 
s rava.com iPhone,1.1, 12:43:10 ,Lunch Run,45.66508,-111.046564,1499.4, 13:14:00 
s rava.com iPhone,1.1, 12:43:10 ,Lunch Run,45.665115,-111.046566,1499.4, 13:14:03 
s rava.com iPhone,1.1, 12:43:10 ,Lunch Run,45.665145,-111.046565,1499.3, 13:14:05 
s rava.com iPhone,1.1, 12:43:10 ,Lunch Run,45.66518,-111.046571,1499.3, 13:14:07 
s rava.com iPhone,1.1, 12:43:10 ,Lunch Run,45.66521,-111.046585,1499.2, 13:14:09 
s rava.com iPhone,1.1, 12:43:10 ,Lunch Run,45.66524,-111.0466,1499.2, 13:14:11 
s rava.com iPhone,1.1, 12:43:10 ,Lunch Run,45.66527,-111.04661,1499.1, 13:14:13 
s rava.com iPhone,1.1, 12:43:10 ,Lunch Run,45.665298,-111.046613,1499.1, 13:14:15 
s rava.com iPhone,1.1, 12:43:10 ,Lunch Run,45.66533,-111.04662,1499, 13:14:17 
s rava.com iPhone,1.1, 12:43:10 ,Lunch Run,45.665357,-111.046631,1499, 13:14:19 
s rava.com iPhone,1.1, 12:43:10 ,Lunch Run,45.665386,-111.046643,1499, 13:14:21 
s rava.com iPhone,1.1, 12:43:10 ,Lunch Run,45.665414,-111.046642,1499, 13:14:23 
s rava.com iPhone,1.1, 12:43:10 ,Lunch Run,45.665443,-111.046635,1498.9, 13:14:25 
s rava.com iPhone,1.1, 12:43:10 ,Lunch Run,45.66547,-111.046632,1498.9, 13:14:27 
s rava.com iPhone,1.1, 12:43:10 ,Lunch Run,45.665497,-111.046635,1498.9, 13:14:29 
s rava.com iPhone,1.1, 12:43:10 ,Lunch Run,45.665529,-111.046646,1498.8, 13:14:32 
s rava.com iPhone,1.1, 12:43:10 ,Lunch Run,45.665571,-111.046649,1498.8, 13:14:46 
s rava.com iPhone,1.1, 12:43:10 ,Lunch Run,45.665601,-111.046651,1498.7, 13:14:48 
s rava.com iPhone,1.1, 12:43:10 ,Lunch Run,45.665631,-111.046657,1498.7, 13:14:50 
s rava.com iPhone,1.1, 12:43:10 ,Lunch Run,45.665662,-111.046659,1498.6, 13:14:52 
s rava.com iPhone,1.1, 12:43:10 ,Lunch Run,45.665693,-111.046662,1498.6, 13:14:54 
s rava.com iPhone,1.1, 12:43:10 ,Lunch Run,45.665723,-111.046673,1498.5, 13:14:56 
s rava.com iPhone,1.1, 12:43:10 ,Lunch Run,45.665754,-111.046682,1498.5, 13:14:58 
s rava.com iPhone,1.1, 12:43:10 ,Lunch Run,45.665784,-111.046685,1498.4, 13:15:00 
s rava.com iPhone,1.1, 12:43:10 ,Lunch Run,45.665817,-111.046677,1498.4, 13:15:03 
s rava.com iPhone,1.1, 12:43:10 ,Lunch Run,45.66585,-111.046678,1498.3, 13:15:06 
s rava.com iPhone,1.1, 12:43:10 ,Lunch Run,45.66588,-111.046669,1498.3, 13:15:08 
s rava.com iPhone,1.1, 12:43:10 ,Lunch Run,45.66591,-111.04665,1498.2, 13:15:10 
s rava.com iPhone,1.1, 12:43:10 ,Lunch Run,45.665947,-111.046639,1498.2, 13:15:13 
s rava.com iPhone,1.1, 12:43:10 ,Lunch Run,45.665976,-111.046626,1498.1, 13:15:15 
s rava.com iPhone,1.1, 12:43:10 ,Lunch Run,45.666004,-111.046612,1498.1, 13:15:17 
s rava.com iPhone,1.1, 12:43:10 ,Lunch Run,45.666047,-111.0466,1498, 13:15:20 
s rava.com iPhone,1.1, 12:43:10 ,Lunch Run,45.666074,-111.046585,1498, 13:15:22 
s rava.com iPhone,1.1, 12:43:10 ,Lunch Run,45.666099,-111.046569,1498, 13:15:24 
s rava.com iPhone,1.1, 12:43:10 ,Lunch Run,45.666131,-111.046568,1498, 13:15:27 
s rava.com iPhone,1.1, 12:43:10 ,Lunch Run,45.666162,-111.046565,1498, 13:15:29 
s rava.com iPhone,1.1, 12:43:10 ,Lunch Run,45.666194,-111.046559,1498, 13:15:31 
s rava.com iPhone,1.1, 12:43:10 ,Lunch Run,45.666224,-111.046552,1498, 13:15:33 
s rava.com iPhone,1.1, 12:43:10 ,Lunch Run,45.666251,-111.046547,1498, 13:15:35 
s rava.com iPhone,1.1, 12:43:10 ,Lunch Run,45.666294,-111.046546,1497.9, 13:15:38 
s rava.com iPhone,1.1, 12:43:10 ,Lunch Run,45.666323,-111.046546,1497.9, 13:15:40 
s rava.com iPhone,1.1, 12:43:10 ,Lunch Run,45.666353,-111.046539,1497.8, 13:15:42 
s rava.com iPhone,1.1, 12:43:10 ,Lunch Run,45.666385,-111.046527,1497.8, 13:15:44 
s rava.com iPhone,1.1, 12:43:10 ,Lunch Run,45.666421,-111.046522,1497.8, 13:15:46 
s rava.com iPhone,1.1, 12:43:10 ,Lunch Run,45.666457,-111.04652,1497.7, 13:15:48 
s rava.com iPhone,1.1, 12:43:10 ,Lunch Run,45.666493,-111.046523,1497.7, 13:15:50 
s rava.com iPhone,1.1, 12:43:10 ,Lunch Run,45.666526,-111.046519,1497.6, 13:15:52 
s rava.com iPhone,1.1, 12:43:10 ,Lunch Run,45.666557,-111.046516,1497.6, 13:15:54 
s rava.com iPhone,1.1, 12:43:10 ,Lunch Run,45.666585,-111.046513,1497.6, 13:15:56 
s rava.com iPhone,1.1, 12:43:10 ,Lunch Run,45.666621,-111.046506,1497.5, 13:15:59 
s rava.com iPhone,1.1, 12:43:10 ,Lunch Run,45.666658,-111.046509,1497.5, 13:16:02 
s rava.com iPhone,1.1, 12:43:10 ,Lunch Run,45.666691,-111.046513,1497.4, 13:16:04 
s rava.com iPhone,1.1, 12:43:10 ,Lunch Run,45.66672,-111.046515,1497.4, 13:16:07 
s rava.com iPhone,1.1, 12:43:10 ,Lunch Run,45.666748,-111.046516,1497.4, 13:16:09 
s rava.com iPhone,1.1, 12:43:10 ,Lunch Run,45.666778,-111.046516,1497.4, 13:16:11 
s rava.com iPhone,1.1, 12:43:10 ,Lunch Run,45.666806,-111.046524,1497.4, 13:16:14 
s rava.com iPhone,1.1, 12:43:10 ,Lunch Run,45.666863,-111.046522,1497.4, 13:16:18 
s rava.com iPhone,1.1, 12:43:10 ,Lunch Run,45.66688,-111.046527,1497.3, 13:16:19 
s rava.com iPhone,1.1, 12:43:10 ,Lunch Run,45.66691,-111.046542,1497.3, 13:16:21 
s rava.com iPhone,1.1, 12:43:10 ,Lunch Run,45.66694,-111.046553,1497.3, 13:16:23 
s rava.com iPhone,1.1, 12:43:10 ,Lunch Run,45.666969,-111.046566,1497.2, 13:16:25 
s rava.com iPhone,1.1, 12:43:10 ,Lunch Run,45.666998,-111.046586,1497.2, 13:16:27 
s rava.com iPhone,1.1, 12:43:10 ,Lunch Run,45.667027,-111.046613,1497.1, 13:16:30 
s rava.com iPhone,1.1, 12:43:10 ,Lunch Run,45.667052,-111.046632,1497, 13:16:34 
s rava.com iPhone,1.1, 12:43:10 ,Lunch Run,45.667073,-111.046664,1497, 13:17:16 
s rava.com iPhone,1.1, 12:43:10 ,Lunch Run,45.667067,-111.046705,1497, 13:17:51 
